Workbook

Sheet Tables
A1: CLK_CIRC_PORT_PODT | B1: =LOWER(A1) -> clk_circ_port_podt
A2: CLK_CIRC_RES_RSCB | B2: =LOWER(A2) -> clk_circ_res_rscb
A3: CLK_CIRC_RES_RSCV | B3: =LOWER(A3) -> clk_circ_res_rscv
A4: CLK_CIRC_RES_RSEV | B4: =LOWER(A4) -> clk_circ_res_rsev
A5: CLK_CIRD_NREL_NONO | B5: =LOWER(A5) -> clk_cird_nrel_nono
A6: CLK_CUST_CST_CUAD_RE | B6: =LOWER(A6) -> clk_cust_cst_cuad_re
A7: CLK_CUST_CST_CUDD | B7: =LOWER(A7) -> clk_cust_cst_cudd
A8: CLK_CUST_CST_CUEM | B8: =LOWER(A8) -> clk_cust_cst_cuem
A9: CLK_CUST_CST_CUNM_RE | B9: =LOWER(A9) -> clk_cust_cst_cunm_re
A10: CLK_CUST_CST_CUNO_RE | B10: =LOWER(A10) -> clk_cust_cst_cuno_re
A11: CLK_CUST_CST_CUOR | B11: =LOWER(A11) -> clk_cust_cst_cuor
A12: CLK_CUST_CST_CUPT | B12: =LOWER(A12) -> clk_cust_cst_cupt
... A60: CLK_LNK0_GLNK_CULD | B60: =LOWER(A60) -> clk_lnk0_glnk_culd

Sheet INCR
A1: Load Type | B1: Source System Name | C1: Table Name Source | D1: Table Name Target | E1: Column Name Source | F1: Column Name Target | G1: Data Type Source | H1: Data Type Target | I1: Format Target | J1: PrimaryKeyFlag | K1: PI | L1: Order | M1: Include Column | N1: Filter | O1: Transformation Required | P1: Tranformation Rule
A2: Incremental | B2: CLK | C2: CIRC_PORT_PODT | D2: CIRC_PORT_PODT | E2: EXTRACT_DATE | F2: EXTRACT_DATE | G2: DATE | H2: StringType() | I2: YYYY-MM-DD | L2: 1 | M2: Y | O2: Y | P2: CAST({COLREPLACE} AS STRING) | Q2: NULL
A3: Incremental | B3: CLK | C3: CIRC_PORT_PODT | D3: CIRC_PORT_PODT | E3: LOGICAL_DELETE_DATE | F3: LOGICAL_DELETE_DATE | G3: DATE | H3: StringType() | I3: YYYY-MM-DD | L3: 2 | M3: Y | O3: Y | P3: CAST({COLREPLACE} AS STRING) | Q3: NULL
A4: Incremental | B4: CLK | C4: CIRC_PORT_PODT | D4: CIRC_PORT_PODT | E4: ENVIRONMENT_ID | F4: ENVIRONMENT_ID | G4: CHAR(1) | H4: StringType() | J4: Y | L4: 3 | M4: Y | O4: Y | P4: CAST({COLREPLACE} AS STRING) | Q4: NULL
A5: Incremental | B5: CLK | C5: CIRC_PORT_PODT | D5: CIRC_PORT_PODT | E5: PERSON_ID | F5: PERSON_ID | G5: INTEGER | H5: StringType() | J5: Y | K5: Y | L5: 4 | M5: Y | O5: Y | P5: CAST({COLREPLACE} AS STRING) | Q5: NULL
A6: Incremental | B6: CLK | C6: CIRC_PORT_PODT | D6: CIRC_PORT_PODT | E6: PROCESSING_SEQUENCE | F6: PROCESSING_SEQUENCE | G6: SMALLINT | H6: StringType() | J6: Y | L6: 5 | M6: Y | O6: Y | P6: CAST({COLREPLACE} AS STRING) | Q6: NULL
A7: Incremental | B7: CLK | C7: CIRC_PORT_PODT | D7: CIRC_PORT_PODT | E7: PODT_AMR_1 | F7: PODT_AMR_1 | G7: CHAR(4) | H7: StringType() | L7: 6 | M7: Y | O7: Y | P7: CAST({COLREPLACE} AS STRING) | Q7: NULL
A8: Incremental | B8: CLK | C8: CIRC_PORT_PODT | D8: CIRC_PORT_PODT | E8: PODT_AMR_2 | F8: PODT_AMR_2 | G8: CHAR(1) | H8: StringType() | L8: 7 | M8: Y | O8: Y | P8: CAST({COLREPLACE} AS STRING) | Q8: NULL
A9: Incremental | B9: CLK | C9: CIRC_PORT_PODT | D9: CIRC_PORT_PODT | E9: PODT_AMR_3 | F9: PODT_AMR_3 | G9: CHAR(4) | H9: StringType() | L9: 8 | M9: Y | O9: Y | P9: CAST({COLREPLACE} AS STRING) | Q9: NULL
A10: Incremental | B10: CLK | C10: CIRC_PORT_PODT | D10: CIRC_PORT_PODT | E10: PODT_EXPCT_STAY_LEN_CODE | F10: PODT_EXPCT_STAY_LEN_CODE | G10: CHAR(3) | H10: StringType() | L10: 9 | M10: Y | O10: Y | P10: CAST({COLREPLACE} AS STRING) | Q10: NULL
A11: Incremental | B11: CLK | C11: CIRC_PORT_PODT | D11: CIRC_PORT_PODT | E11: PODT_AUS_DPRT_DATE | F11: PODT_AUS_DPRT_DATE | G11: INTEGER | H11: StringType() | I11: YYYY-MM-DD | L11: 10 | M11: Y | O11: Y | P11: CAST(CASE WHEN {COLREPLACE} = 0 THEN NULL ELSE COALESCE(TO_DATE(CONCAT(SUBSTR(CAST({COLREPLACE} AS STRING), 1, 4), '-', SUBSTR(CAST({COLREPLACE} AS STRING), 5, 2), '-', SUBSTR(CAST({COLREPLACE} AS STRING), 7, 2)), 'yyyy-MM-dd'),TO_DATE('3333-03-03', 'yyyy-MM-dd')) END AS STRING) | Q11: NULL
A12: Incremental | B12: CLK | C12: CIRC_PORT_PODT | D12: CIRC_PORT_PODT | E12: PODT_AUS_DPRT_DATE | F12: PODT_AUS_DPRT_DATE_ORIG | G12: INTEGER | H12: StringType() | L12: 11 | M12: Y | O12: Y | P12: CAST({COLREPLACE} AS STRING) | Q12: NULL
A13: Incremental | B13: CLK | C13: CIRC_PORT_PODT | D13: CIRC_PORT_PODT | E13: PODT_AUS_RTN_DATE | F13: PODT_AUS_RTN_DATE | G13: INTEGER | H13: StringType() | I13: YYYY-MM-DD | L13: 12 | M13: Y | O13: Y | P13: CAST(CASE WHEN {COLREPLACE} = 0 THEN NULL ELSE COALESCE(TO_DATE(CONCAT(SUBSTR(CAST({COLREPLACE} AS STRING), 1, 4), '-', SUBSTR(CAST({COLREPLACE} AS STRING), 5, 2), '-', SUBSTR(CAST({COLREPLACE} AS STRING), 7, 2)), 'yyyy-MM-dd'),TO_DATE('3333-03-03', 'yyyy-MM-dd')) END AS STRING) | Q13: NULL
A14: Incremental | B14: CLK | C14: CIRC_PORT_PODT | D14: CIRC_PORT_PODT | E14: PODT_AUS_RTN_DATE | F14: PODT_AUS_RTN_DATE_ORIG | G14: INTEGER | H14: StringType() | L14: 13 | M14: Y | O14: Y | P14: CAST({COLREPLACE} AS STRING) | Q14: NULL
A15: Incremental | B15: CLK | C15: CIRC_PORT_PODT | D15: CIRC_PORT_PODT | E15: PODT_DPRT_CERT_CODE | F15: PODT_DPRT_CERT_CODE | G15: CHAR(3) | H15: StringType() | L15: 14 | M15: Y | O15: Y | P15: CAST({COLREPLACE} AS STRING) | Q15: NULL
A16: Incremental | B16: CLK | C16: CIRC_PORT_PODT | D16: CIRC_PORT_PODT | E16: PODT_DOV | F16: PODT_DOV | G16: INTEGER | H16: StringType() | I16: YYYY-MM-DD | L16: 15 | M16: Y | O16: Y | P16: CAST(CASE WHEN {COLREPLACE} = 0 THEN NULL ELSE COALESCE(TO_DATE(CONCAT(SUBSTR(CAST({COLREPLACE} AS STRING), 1, 4), '-', SUBSTR(CAST({COLREPLACE} AS STRING), 5, 2), '-', SUBSTR(CAST({COLREPLACE} AS STRING), 7, 2)), 'yyyy-MM-dd'),TO_DATE('3333-03-03', 'yyyy-MM-dd')) END AS STRING) | Q16: NULL
A17: Incremental | B17: CLK | C17: CIRC_PORT_PODT | D17: CIRC_PORT_PODT | E17: PODT_DOV | F17: PODT_DOV_ORIG | G17: INTEGER | H17: StringType() | L17: 16 | M17: Y | O17: Y | P17: CAST({COLREPLACE} AS STRING) | Q17: NULL
A18: Incremental | B18: CLK | C18: CIRC_PORT_PODT | D18: CIRC_PORT_PODT | E18: PODT_LOCN_CTRY_CODE | F18: PODT_LOCN_CTRY_CODE | G18: CHAR(3) | H18: StringType() | L18: 17 | M18: Y | O18: Y | P18: CAST({COLREPLACE} AS STRING) | Q18: NULL
A19: Incremental | B19: CLK | C19: CIRC_PORT_PODT | D19: CIRC_PORT_PODT | E19: PODT_NZ_CLM_REJ_IND | F19: PODT_NZ_CLM_REJ_IND | G19: CHAR(1) | H19: StringType() | L19: 18 | M19: Y | O19: Y | P19: CAST({COLREPLACE} AS STRING) | Q19: NULL
A20: Incremental | B20: CLK | C20: CIRC_PORT_PODT | D20: CIRC_PORT_PODT | E20: PODT_OSEAS_CAN_EXEMPT_CODE | F20: PODT_OSEAS_CAN_EXEMPT_CODE | G20: CHAR(3) | H20: StringType() | L20: 19 | M20: Y | O20: Y | P20: CAST({COLREPLACE} AS STRING) | Q20: NULL
A21: Incremental | B21: CLK | C21: CIRC_PORT_PODT | D21: CIRC_PORT_PODT | E21: PODT_PRE_PP_SAVE_IND | F21: PODT_PRE_PP_SAVE_IND | G21: CHAR(1) | H21: StringType() | L21: 20 | M21: Y | O21: Y | P21: CAST({COLREPLACE} AS STRING) | Q21: NULL
A22: Incremental | B22: CLK | C22: CIRC_PORT_PODT | D22: CIRC_PORT_PODT | E22: PODT_SPCL_ACT_OF_GRACE_CODE | F22: PODT_SPCL_ACT_OF_GRACE_CODE | G22: CHAR(3) | H22: StringType() | L22: 21 | M22: Y | O22: Y | P22: CAST({COLREPLACE} AS STRING) | Q22: NULL
A23: Incremental | B23: CLK | C23: CIRC_PORT_PODT | D23: CIRC_PORT_PODT | E23: AMR1_RISL_DTS | F23: AMR1_RISL_DTS | G23: TIMESTAMP(6) | H23: StringType() | I23: YYYY-MM-DDBHH:MI:SS.S(6) | L23: 22 | M23: Y | O23: Y | P23: CAST({COLREPLACE} AS STRING) | Q23: NULL
A24: Incremental | B24: CLK | C24: CIRC_PORT_PODT | D24: CIRC_PORT_PODT | E24: AMR3_RISL_DTS | F24: AMR3_RISL_DTS | G24: TIMESTAMP(6) | H24: StringType() | I24: YYYY-MM-DDBHH:MI:SS.S(6) | L24: 23 | M24: Y | O24: Y | P24: CAST({COLREPLACE} AS STRING) | Q24: NULL
A25: Incremental | B25: CLK | C25: CIRC_PORT_PODT | D25: CIRC_PORT_PODT | E25: PARTY_ID | F25: PARTY_ID | G25: INTEGER | H25: StringType() | L25: 30 | M25: Y | O25: Y | P25: CAST({COLREPLACE} AS STRING) | Q25: NULL
A26: Incremental | B26: CLK | C26: CIRC_PORT_PODT | D26: CIRC_PORT_PODT | E26: PARTY_ROLE_ID | F26: PARTY_ROLE_ID | G26: INTEGER | H26: StringType() | L26: 31 | M26: Y | O26: Y | P26: CAST({COLREPLACE} AS STRING) | Q26: NULL
A27: Incremental | B27: CLK | C27: CIRC_PORT_PODT | D27: CIRC_PORT_PODT | E27: ERROR_COUNT | F27: ERROR_COUNT | G27: SMALLINT | H27: StringType() | L27: 32 | M27: Y | O27: Y | P27: CAST({COLREPLACE} AS STRING) | Q27: NULL
A28: Incremental | B28: CLK | C28: CIRC_RES_RSCB | D28: CIRC_RES_RSCB | E28: EXTRACT_DATE | F28: EXTRACT_DATE | G28: DATE | H28: StringType() | I28: YYYY-MM-DD | L28: 1 | M28: Y | O28: Y | P28: CAST({COLREPLACE} AS STRING) | Q28: NULL
A29: Incremental | B29: CLK | C29: CIRC_RES_RSCB | D29: CIRC_RES_RSCB | E29: LOGICAL_DELETE_DATE | F29: LOGICAL_DELETE_DATE | G29: DATE | H29: StringType() | I29: YYYY-MM-DD | L29: 2 | M29: Y | O29: Y | P29: CAST({COLREPLACE} AS STRING) | Q29: NULL
A30: Incremental | B30: CLK | C30: CIRC_RES_RSCB | D30: CIRC_RES_RSCB | E30: ENVIRONMENT_ID | F30: ENVIRONMENT_ID | G30: CHAR(1) | H30: StringType() | J30: Y | L30: 3 | M30: Y | O30: Y | P30: CAST({COLREPLACE} AS STRING) | Q30: NULL
A31: Incremental | B31: CLK | C31: CIRC_RES_RSCB | D31: CIRC_RES_RSCB | E31: PERSON_ID | F31: PERSON_ID | G31: INTEGER | H31: StringType() | J31: Y | K31: Y | L31: 4 | M31: Y | O31: Y | P31: CAST({COLREPLACE} AS STRING) | Q31: NULL
A32: Incremental | B32: CLK | C32: CIRC_RES_RSCB | D32: CIRC_RES_RSCB | E32: RSCB_DOR | F32: RSCB_DOR | G32: INTEGER | H32: StringType() | I32: YYYY-MM-DD | L32: 5 | M32: Y | O32: Y | P32: CAST(CASE WHEN {COLREPLACE} = 0 THEN NULL ELSE COALESCE(TO_DATE(CONCAT(SUBSTR(CAST({COLREPLACE} AS STRING), 1, 4), '-', SUBSTR(CAST({COLREPLACE} AS STRING), 5, 2), '-', SUBSTR(CAST({COLREPLACE} AS STRING), 7, 2)), 'yyyy-MM-dd'),TO_DATE('3333-03-03', 'yyyy-MM-dd')) END AS STRING) | Q32: NULL
A33: Incremental | B33: CLK | C33: CIRC_RES_RSCB | D33: CIRC_RES_RSCB | E33: RSCB_DOR | F33: RSCB_DOR_ORIG | G33: INTEGER | H33: StringType() | L33: 6 | M33: Y | O33: Y | P33: CAST({COLREPLACE} AS STRING) | Q33: NULL
A34: Incremental | B34: CLK | C34: CIRC_RES_RSCB | D34: CIRC_RES_RSCB | E34: PROCESSING_SEQUENCE | F34: PROCESSING_SEQUENCE | G34: SMALLINT | H34: StringType() | J34: Y | L34: 7 | M34: Y | O34: Y | P34: CAST({COLREPLACE} AS STRING) | Q34: NULL
A35: Incremental | B35: CLK | C35: CIRC_RES_RSCB | D35: CIRC_RES_RSCB | E35: RSCB_AMR_1 | F35: RSCB_AMR_1 | G35: CHAR(4) | H35: StringType() | L35: 8 | M35: Y | O35: Y | P35: CAST({COLREPLACE} AS STRING) | Q35: NULL
A36: Incremental | B36: CLK | C36: CIRC_RES_RSCB | D36: CIRC_RES_RSCB | E36: RSCB_AMR_2 | F36: RSCB_AMR_2 | G36: CHAR(1) | H36: StringType() | L36: 9 | M36: Y | O36: Y | P36: CAST({COLREPLACE} AS STRING) | Q36: NULL
A37: Incremental | B37: CLK | C37: CIRC_RES_RSCB | D37: CIRC_RES_RSCB | E37: RSCB_AMR_3 | F37: RSCB_AMR_3 | G37: CHAR(4) | H37: StringType() | L37: 10 | M37: Y | O37: Y | P37: CAST({COLREPLACE} AS STRING) | Q37: NULL
A38: Incremental | B38: CLK | C38: CIRC_RES_RSCB | D38: CIRC_RES_RSCB | E38: RSCB_BIRTH_CTRY_CODE | F38: RSCB_BIRTH_CTRY_CODE | G38: CHAR(2) | H38: StringType() | L38: 11 | M38: Y | O38: Y | P38: CAST({COLREPLACE} AS STRING) | Q38: NULL
A39: Incremental | B39: CLK | C39: CIRC_RES_RSCB | D39: CIRC_RES_RSCB | E39: RSCB_CHNL_CODE | F39: RSCB_CHNL_CODE | G39: CHAR(3) | H39: StringType() | L39: 12 | M39: Y | O39: Y | P39: CAST({COLREPLACE} AS STRING) | Q39: NULL
A40: Incremental | B40: CLK | C40: CIRC_RES_RSCB | D40: CIRC_RES_RSCB | E40: AMR1_RISL_DTS | F40: AMR1_RISL_DTS | G40: TIMESTAMP(6) | H40: StringType() | I40: YYYY-MM-DDBHH:MI:SS.S(6) | L40: 13 | M40: Y | O40: Y | P40: CAST({COLREPLACE} AS STRING) | Q40: NULL
A41: Incremental | B41: CLK | C41: CIRC_RES_RSCB | D41: CIRC_RES_RSCB | E41: AMR3_RISL_DTS | F41: AMR3_RISL_DTS | G41: TIMESTAMP(6) | H41: StringType() | I41: YYYY-MM-DDBHH:MI:SS.S(6) | L41: 14 | M41: Y | O41: Y | P41: CAST({COLREPLACE} AS STRING) | Q41: NULL
A42: Incremental | B42: CLK | C42: CIRC_RES_RSCB | D42: CIRC_RES_RSCB | E42: PARTY_ROLE_ID | F42: PARTY_ROLE_ID | G42: INTEGER | H42: StringType() | L42: 21 | M42: Y | O42: Y | P42: CAST({COLREPLACE} AS STRING) | Q42: NULL
A43: Incremental | B43: CLK | C43: CIRC_RES_RSCB | D43: CIRC_RES_RSCB | E43: ERROR_COUNT | F43: ERROR_COUNT | G43: SMALLINT | H43: StringType() | L43: 22 | M43: Y | O43: Y | P43: CAST({COLREPLACE} AS STRING) | Q43: NULL
A44: Incremental | B44: CLK | C44: CIRC_RES_RSCV | D44: CIRC_RES_RSCV | E44: EXTRACT_DATE | F44: EXTRACT_DATE | G44: DATE | H44: StringType() | I44: YYYY-MM-DD | L44: 1 | M44: Y | O44: Y | P44: CAST({COLREPLACE} AS STRING) | Q44: NULL
A45: Incremental | B45: CLK | C45: CIRC_RES_RSCV | D45: CIRC_RES_RSCV | E45: LOGICAL_DELETE_DATE | F45: LOGICAL_DELETE_DATE | G45: DATE | H45: StringType() | I45: YYYY-MM-DD | L45: 2 | M45: Y | O45: Y | P45: CAST({COLREPLACE} AS STRING) | Q45: NULL
A46: Incremental | B46: CLK | C46: CIRC_RES_RSCV | D46: CIRC_RES_RSCV | E46: ENVIRONMENT_ID | F46: ENVIRONMENT_ID | G46: CHAR(1) | H46: StringType() | J46: Y | L46: 3 | M46: Y | O46: Y | P46: CAST({COLREPLACE} AS STRING) | Q46: NULL
A47: Incremental | B47: CLK | C47: CIRC_RES_RSCV | D47: CIRC_RES_RSCV | E47: PERSON_ID | F47: PERSON_ID | G47: INTEGER | H47: StringType() | J47: Y | K47: Y | L47: 4 | M47: Y | O47: Y | P47: CAST({COLREPLACE} AS STRING) | Q47: NULL
A48: Incremental | B48: CLK | C48: CIRC_RES_RSCV | D48: CIRC_RES_RSCV | E48: RSCV_DOV | F48: RSCV_DOV | G48: INTEGER | H48: StringType() | I48: YYYY-MM-DD | L48: 5 | M48: Y | O48: Y | P48: CAST(CASE WHEN {COLREPLACE} = 0 THEN NULL ELSE COALESCE(TO_DATE(CONCAT(SUBSTR(CAST({COLREPLACE} AS STRING), 1, 4), '-', SUBSTR(CAST({COLREPLACE} AS STRING), 5, 2), '-', SUBSTR(CAST({COLREPLACE} AS STRING), 7, 2)), 'yyyy-MM-dd'),TO_DATE('3333-03-03', 'yyyy-MM-dd')) END AS STRING) | Q48: NULL
A49: Incremental | B49: CLK | C49: CIRC_RES_RSCV | D49: CIRC_RES_RSCV | E49: RSCV_DOV | F49: RSCV_DOV_ORIG | G49: INTEGER | H49: StringType() | L49: 6 | M49: Y | O49: Y | P49: CAST({COLREPLACE} AS STRING) | Q49: NULL
A50: Incremental | B50: CLK | C50: CIRC_RES_RSCV | D50: CIRC_RES_RSCV | E50: PROCESSING_SEQUENCE | F50: PROCESSING_SEQUENCE | G50: SMALLINT | H50: StringType() | J50: Y | L50: 7 | M50: Y | O50: Y | P50: CAST({COLREPLACE} AS STRING) | Q50: NULL
A51: Incremental | B51: CLK | C51: CIRC_RES_RSCV | D51: CIRC_RES_RSCV | E51: RSCV_AMR_1 | F51: RSCV_AMR_1 | G51: CHAR(4) | H51: StringType() | L51: 8 | M51: Y | O51: Y | P51: CAST({COLREPLACE} AS STRING) | Q51: NULL
A52: Incremental | B52: CLK | C52: CIRC_RES_RSCV | D52: CIRC_RES_RSCV | E52: RSCV_AMR_2 | F52: RSCV_AMR_2 | G52: CHAR(1) | H52: StringType() | L52: 9 | M52: Y | O52: Y | P52: CAST({COLREPLACE} AS STRING) | Q52: NULL
A53: Incremental | B53: CLK | C53: CIRC_RES_RSCV | D53: CIRC_RES_RSCV | E53: RSCV_AMR_3 | F53: RSCV_AMR_3 | G53: CHAR(4) | H53: StringType() | L53: 10 | M53: Y | O53: Y | P53: CAST({COLREPLACE} AS STRING) | Q53: NULL
A54: Incremental | B54: CLK | C54: CIRC_RES_RSCV | D54: CIRC_RES_RSCV | E54: RSCV_AUST_CTZN_VLD_IND | F54: RSCV_AUST_CTZN_VLD_IND | G54: CHAR(1) | H54: StringType() | L54: 11 | M54: Y | O54: Y | P54: CAST({COLREPLACE} AS STRING) | Q54: NULL
A55: Incremental | B55: CLK | C55: CIRC_RES_RSCV | D55: CIRC_RES_RSCV | E55: PARTY_ROLE_ID | F55: PARTY_ROLE_ID | G55: INTEGER | H55: StringType() | L55: 12 | M55: Y | O55: Y | P55: CAST({COLREPLACE} AS STRING) | Q55: NULL
A56: Incremental | B56: CLK | C56: CIRC_RES_RSCV | D56: CIRC_RES_RSCV | E56: AMR1_RISL_DTS | F56: AMR1_RISL_DTS | G56: TIMESTAMP(6) | H56: StringType() | I56: YYYY-MM-DDBHH:MI:SS.S(6) | L56: 13 | M56: Y | O56: Y | P56: CAST({COLREPLACE} AS STRING) | Q56: NULL
A57: Incremental | B57: CLK | C57: CIRC_RES_RSCV | D57: CIRC_RES_RSCV | E57: AMR3_RISL_DTS | F57: AMR3_RISL_DTS | G57: TIMESTAMP(6) | H57: StringType() | I57: YYYY-MM-DDBHH:MI:SS.S(6) | L57: 14 | M57: Y | O57: Y | P57: CAST({COLREPLACE} AS STRING) | Q57: NULL
A58: Incremental | B58: CLK | C58: CIRC_RES_RSCV | D58: CIRC_RES_RSCV | E58: ERROR_COUNT | F58: ERROR_COUNT | G58: SMALLINT | H58: StringType() | L58: 21 | M58: Y | O58: Y | P58: CAST({COLREPLACE} AS STRING) | Q58: NULL
A59: Incremental | B59: CLK | C59: CIRC_RES_RSEV | D59: CIRC_RES_RSEV | E59: EXTRACT_DATE | F59: EXTRACT_DATE | G59: DATE | H59: StringType() | I59: YYYY-MM-DD | L59: 1 | M59: Y | O59: Y | P59: CAST({COLREPLACE} AS STRING) | Q59: NULL
A60: Incremental | B60: CLK | C60: CIRC_RES_RSEV | D60: CIRC_RES_RSEV | E60: LOGICAL_DELETE_DATE | F60: LOGICAL_DELETE_DATE | G60: DATE | H60: StringType() | I60: YYYY-MM-DD | L60: 2 | M60: Y | O60: Y | P60: CAST({COLREPLACE} AS STRING) | Q60: NULL
A61: Incremental | B61: CLK | C61: CIRC_RES_RSEV | D61: CIRC_RES_RSEV | E61: ENVIRONMENT_ID | F61: ENVIRONMENT_ID | G61: CHAR(1) | H61: StringType() | J61: Y | L61: 3 | M61: Y | O61: Y | P61: CAST({COLREPLACE} AS STRING) | Q61: NULL
A62: Incremental | B62: CLK | C62: CIRC_RES_RSEV | D62: CIRC_RES_RSEV | E62: PERSON_ID | F62: PERSON_ID | G62: INTEGER | H62: StringType() | J62: Y | K62: Y | L62: 4 | M62: Y | O62: Y | P62: CAST({COLREPLACE} AS STRING) | Q62: NULL
A63: Incremental | B63: CLK | C63: CIRC_RES_RSEV | D63: CIRC_RES_RSEV | E63: RSEV_VISA_GRANT_DATE | F63: RSEV_VISA_GRANT_DATE | G63: INTEGER | H63: StringType() | I63: YYYY-MM-DD | L63: 5 | M63: Y | O63: Y | P63: CAST(CASE WHEN {COLREPLACE} = 0 THEN NULL ELSE COALESCE(TO_DATE(CONCAT(SUBSTR(CAST({COLREPLACE} AS STRING), 1, 4), '-', SUBSTR(CAST({COLREPLACE} AS STRING), 5, 2), '-', SUBSTR(CAST({COLREPLACE} AS STRING), 7, 2)), 'yyyy-MM-dd'),TO_DATE('3333-03-03', 'yyyy-MM-dd')) END AS STRING) | Q63: NULL
A64: Incremental | B64: CLK | C64: CIRC_RES_RSEV | D64: CIRC_RES_RSEV | E64: RSEV_VISA_GRANT_DATE | F64: RSEV_VISA_GRANT_DATE_ORIG | G64: INTEGER | H64: StringType() | L64: 6 | M64: Y | O64: Y | P64: CAST({COLREPLACE} AS STRING) | Q64: NULL
A65: Incremental | B65: CLK | C65: CIRC_RES_RSEV | D65: CIRC_RES_RSEV | E65: RSEV_VISA_SUB_CLASS_CODE | F65: RSEV_VISA_SUB_CLASS_CODE | G65: CHAR(5) | H65: StringType() | L65: 7 | M65: Y | O65: Y | P65: CAST({COLREPLACE} AS STRING) | Q65: NULL
A66: Incremental | B66: CLK | C66: CIRC_RES_RSEV | D66: CIRC_RES_RSEV | E66: PROCESSING_SEQUENCE | F66: PROCESSING_SEQUENCE | G66: SMALLINT | H66: StringType() | J66: Y | L66: 8 | M66: Y | O66: Y | P66: CAST({COLREPLACE} AS STRING) | Q66: NULL
A67: Incremental | B67: CLK | C67: CIRC_RES_RSEV | D67: CIRC_RES_RSEV | E67: RSEV_AMR_1 | F67: RSEV_AMR_1 | G67: CHAR(4) | H67: StringType() | L67: 9 | M67: Y | O67: Y | P67: CAST({COLREPLACE} AS STRING) | Q67: NULL
A68: Incremental | B68: CLK | C68: CIRC_RES_RSEV | D68: CIRC_RES_RSEV | E68: RSEV_AMR_2 | F68: RSEV_AMR_2 | G68: CHAR(1) | H68: StringType() | L68: 10 | M68: Y | O68: Y | P68: CAST({COLREPLACE} AS STRING) | Q68: NULL
A69: Incremental | B69: CLK | C69: CIRC_RES_RSEV | D69: CIRC_RES_RSEV | E69: RSEV_AMR_3 | F69: RSEV_AMR_3 | G69: CHAR(4) | H69: StringType() | L69: 11 | M69: Y | O69: Y | P69: CAST({COLREPLACE} AS STRING) | Q69: NULL
A70: Incremental | B70: CLK | C70: CIRC_RES_RSEV | D70: CIRC_RES_RSEV | E70: RSEV_CHNL_CODE | F70: RSEV_CHNL_CODE | G70: CHAR(3) | H70: StringType() | L70: 12 | M70: Y | O70: Y | P70: CAST({COLREPLACE} AS STRING) | Q70: NULL
A71: Incremental | B71: CLK | C71: CIRC_RES_RSEV | D71: CIRC_RES_RSEV | E71: RSEV_VISA_AOS_IND | F71: RSEV_VISA_AOS_IND | G71: CHAR(1) | H71: StringType() | L71: 13 | M71: Y | O71: Y | P71: CAST({COLREPLACE} AS STRING) | Q71: NULL
A72: Incremental | B72: CLK | C72: CIRC_RES_RSEV | D72: CIRC_RES_RSEV | E72: RSEV_VISA_APPLN_DATE | F72: RSEV_VISA_APPLN_DATE | G72: INTEGER | H72: StringType() | I72: YYYY-MM-DD | L72: 14 | M72: Y | O72: Y | P72: CAST(CASE WHEN {COLREPLACE} = 0 THEN NULL ELSE COALESCE(TO_DATE(CONCAT(SUBSTR(CAST({COLREPLACE} AS STRING), 1, 4), '-', SUBSTR(CAST({COLREPLACE} AS STRING), 5, 2), '-', SUBSTR(CAST({COLREPLACE} AS STRING), 7, 2)), 'yyyy-MM-dd'),TO_DATE('3333-03-03', 'yyyy-MM-dd')) END AS STRING) | Q72: NULL
A73: Incremental | B73: CLK | C73: CIRC_RES_RSEV | D73: CIRC_RES_RSEV | E73: RSEV_VISA_APPLN_DATE | F73: RSEV_VISA_APPLN_DATE_ORIG | G73: INTEGER | H73: StringType() | L73: 15 | M73: Y | O73: Y | P73: CAST({COLREPLACE} AS STRING) | Q73: NULL
A74: Incremental | B74: CLK | C74: CIRC_RES_RSEV | D74: CIRC_RES_RSEV | E74: RSEV_VISA_END_DATE | F74: RSEV_VISA_END_DATE | G74: INTEGER | H74: StringType() | I74: YYYY-MM-DD | L74: 16 | M74: Y | O74: Y | P74: CAST(CASE WHEN {COLREPLACE} = 0 THEN NULL ELSE COALESCE(TO_DATE(CONCAT(SUBSTR(CAST({COLREPLACE} AS STRING), 1, 4), '-', SUBSTR(CAST({COLREPLACE} AS STRING), 5, 2), '-', SUBSTR(CAST({COLREPLACE} AS STRING), 7, 2)), 'yyyy-MM-dd'),TO_DATE('3333-03-03', 'yyyy-MM-dd')) END AS STRING) | Q74: NULL
A75: Incremental | B75: CLK | C75: CIRC_RES_RSEV | D75: CIRC_RES_RSEV | E75: RSEV_VISA_END_DATE | F75: RSEV_VISA_END_DATE_ORIG | G75: INTEGER | H75: StringType() | L75: 17 | M75: Y | O75: Y | P75: CAST({COLREPLACE} AS STRING) | Q75: NULL
A76: Incremental | B76: CLK | C76: CIRC_RES_RSEV | D76: CIRC_RES_RSEV | E76: RSEV_VISA_GRANT_NUM | F76: RSEV_VISA_GRANT_NUM | G76: VARCHAR(13) | H76: StringType() | L76: 18 | M76: Y | O76: Y | P76: CAST({COLREPLACE} AS STRING) | Q76: NULL
A77: Incremental | B77: CLK | C77: CIRC_RES_RSEV | D77: CIRC_RES_RSEV | E77: RSEV_VISA_NUM | F77: RSEV_VISA_NUM | G77: VARCHAR(11) | H77: StringType() | L77: 19 | M77: Y | O77: Y | P77: CAST({COLREPLACE} AS STRING) | Q77: NULL
A78: Incremental | B78: CLK | C78: CIRC_RES_RSEV | D78: CIRC_RES_RSEV | E78: AMR1_RISL_DTS | F78: AMR1_RISL_DTS | G78: TIMESTAMP(6) | H78: StringType() | I78: YYYY-MM-DDBHH:MI:SS.S(6) | L78: 20 | M78: Y | O78: Y | P78: CAST({COLREPLACE} AS STRING) | Q78: NULL
A79: Incremental | B79: CLK | C79: CIRC_RES_RSEV | D79: CIRC_RES_RSEV | E79: AMR3_RISL_DTS | F79: AMR3_RISL_DTS | G79: TIMESTAMP(6) | H79: StringType() | I79: YYYY-MM-DDBHH:MI:SS.S(6) | L79: 21 | M79: Y | O79: Y | P79: CAST({COLREPLACE} AS STRING) | Q79: NULL
A80: Incremental | B80: CLK | C80: CIRC_RES_RSEV | D80: CIRC_RES_RSEV | E80: PARTY_ID | F80: PARTY_ID | G80: INTEGER | H80: StringType() | L80: 28 | M80: Y | O80: Y | P80: CAST({COLREPLACE} AS STRING) | Q80: NULL
A81: Incremental | B81: CLK | C81: CIRC_RES_RSEV | D81: CIRC_RES_RSEV | E81: PARTY_ROLE_ID | F81: PARTY_ROLE_ID | G81: INTEGER | H81: StringType() | L81: 29 | M81: Y | O81: Y | P81: CAST({COLREPLACE} AS STRING) | Q81: NULL
A82: Incremental | B82: CLK | C82: CIRC_RES_RSEV | D82: CIRC_RES_RSEV | E82: ERROR_COUNT | F82: ERROR_COUNT | G82: SMALLINT | H82: StringType() | L82: 30 | M82: Y | O82: Y | P82: CAST({COLREPLACE} AS STRING) | Q82: NULL
A83: Incremental | B83: CLK | C83: CIRD_NREL_NONO | D83: CIRD_NREL_NONO | E83: EXTRACT_DATE | F83: EXTRACT_DATE | G83: DATE | H83: StringType() | I83: YYYY-MM-DD | L83: 1 | M83: Y | O83: Y | P83: CAST({COLREPLACE} AS STRING) | Q83: NULL
A84: Incremental | B84: CLK | C84: CIRD_NREL_NONO | D84: CIRD_NREL_NONO | E84: LOGICAL_DELETE_DATE | F84: LOGICAL_DELETE_DATE | G84: DATE | H84: StringType() | I84: YYYY-MM-DD | L84: 2 | M84: Y | O84: Y | P84: CAST({COLREPLACE} AS STRING) | Q84: NULL
A85: Incremental | B85: CLK | C85: CIRD_NREL_NONO | D85: CIRD_NREL_NONO | E85: ENVIRONMENT_ID | F85: ENVIRONMENT_ID | G85: CHAR(1) | H85: StringType() | J85: Y | L85: 3 | M85: Y | O85: Y | P85: CAST({COLREPLACE} AS STRING) | Q85: NULL
A86: Incremental | B86: CLK | C86: CIRD_NREL_NONO | D86: CIRD_NREL_NONO | E86: PERSON_ID | F86: PERSON_ID | G86: INTEGER | H86: StringType() | J86: Y | K86: Y | L86: 4 | M86: Y | O86: Y | P86: CAST({COLREPLACE} AS STRING) | Q86: NULL
A87: Incremental | B87: CLK | C87: CIRD_NREL_NONO | D87: CIRD_NREL_NONO | E87: SRC_PERSON_ID | F87: SRC_PERSON_ID | G87: INTEGER | H87: StringType() | J87: Y | K87: Y | L87: 5 | M87: Y | O87: Y | P87: CAST({COLREPLACE} AS STRING) | Q87: NULL
A88: Incremental | B88: CLK | C88: CIRD_NREL_NONO | D88: CIRD_NREL_NONO | E88: NONO_DOE | F88: NONO_DOE | G88: INTEGER | H88: StringType() | I88: YYYY-MM-DD | L88: 6 | M88: Y | O88: Y | P88: CAST(CASE WHEN {COLREPLACE} = 0 THEN NULL ELSE COALESCE(TO_DATE(CONCAT(SUBSTR(CAST({COLREPLACE} AS STRING), 1, 4), '-', SUBSTR(CAST({COLREPLACE} AS STRING), 5, 2), '-', SUBSTR(CAST({COLREPLACE} AS STRING), 7, 2)), 'yyyy-MM-dd'),TO_DATE('3333-03-03', 'yyyy-MM-dd')) END AS STRING) | Q88: NULL
A89: Incremental | B89: CLK | C89: CIRD_NREL_NONO | D89: CIRD_NREL_NONO | E89: NONO_DOE | F89: NONO_DOE_ORIG | G89: INTEGER | H89: StringType() | J89: Y | L89: 7 | M89: Y | O89: Y | P89: CAST({COLREPLACE} AS STRING) | Q89: NULL
A90: Incremental | B90: CLK | C90: CIRD_NREL_NONO | D90: CIRD_NREL_NONO | E90: NONO_NOM_TYPE_CODE | F90: NONO_NOM_TYPE_CODE | G90: CHAR(3) | H90: StringType() | J90: Y | L90: 8 | M90: Y | O90: Y | P90: CAST({COLREPLACE} AS STRING) | Q90: NULL
A91: Incremental | B91: CLK | C91: CIRD_NREL_NONO | D91: CIRD_NREL_NONO | E91: PROCESSING_SEQUENCE | F91: PROCESSING_SEQUENCE | G91: SMALLINT | H91: StringType() | J91: Y | L91: 9 | M91: Y | O91: Y | P91: CAST({COLREPLACE} AS STRING) | Q91: NULL
A92: Incremental | B92: CLK | C92: CIRD_NREL_NONO | D92: CIRD_NREL_NONO | E92: NONO_AMR_1 | F92: NONO_AMR_1 | G92: CHAR(4) | H92: StringType() | L92: 10 | M92: Y | O92: Y | P92: CAST({COLREPLACE} AS STRING) | Q92: NULL
A93: Incremental | B93: CLK | C93: CIRD_NREL_NONO | D93: CIRD_NREL_NONO | E93: NONO_AMR_2 | F93: NONO_AMR_2 | G93: CHAR(1) | H93: StringType() | J93: Y | L93: 11 | M93: Y | O93: Y | P93: CAST({COLREPLACE} AS STRING) | Q93: NULL
A94: Incremental | B94: CLK | C94: CIRD_NREL_NONO | D94: CIRD_NREL_NONO | E94: NONO_AMR_3 | F94: NONO_AMR_3 | G94: CHAR(4) | H94: StringType() | L94: 12 | M94: Y | O94: Y | P94: CAST({COLREPLACE} AS STRING) | Q94: NULL
A95: Incremental | B95: CLK | C95: CIRD_NREL_NONO | D95: CIRD_NREL_NONO | E95: NONO_ARNGMT_RSN_CODE | F95: NONO_ARNGMT_RSN_CODE | G95: CHAR(3) | H95: StringType() | L95: 13 | M95: Y | O95: Y | P95: CAST({COLREPLACE} AS STRING) | Q95: NULL
A96: Incremental | B96: CLK | C96: CIRD_NREL_NONO | D96: CIRD_NREL_NONO | E96: NONO_DOCU_TEXT | F96: NONO_DOCU_TEXT | G96: VARCHAR(40) | H96: StringType() | L96: 14 | M96: Y | O96: Y | P96: CAST({COLREPLACE} AS STRING) | Q96: NULL
A97: Incremental | B97: CLK | C97: CIRD_NREL_NONO | D97: CIRD_NREL_NONO | E97: NONO_END_RSN_CODE | F97: NONO_END_RSN_CODE | G97: CHAR(3) | H97: StringType() | L97: 15 | M97: Y | O97: Y | P97: CAST({COLREPLACE} AS STRING) | Q97: NULL
A98: Incremental | B98: CLK | C98: CIRD_NREL_NONO | D98: CIRD_NREL_NONO | E98: NONO_INDEF_ARNGMT_IND | F98: NONO_INDEF_ARNGMT_IND | G98: CHAR(1) | H98: StringType() | L98: 16 | M98: Y | O98: Y | P98: CAST({COLREPLACE} AS STRING) | Q98: NULL
A99: Incremental | B99: CLK | C99: CIRD_NREL_NONO | D99: CIRD_NREL_NONO | E99: NONO_ON_IND | F99: NONO_ON_IND | G99: CHAR(1) | H99: StringType() | L99: 17 | M99: Y | O99: Y | P99: CAST({COLREPLACE} AS STRING) | Q99: NULL
A100: Incremental | B100: CLK | C100: CIRD_NREL_NONO | D100: CIRD_NREL_NONO | E100: NONO_PASSWORD_TEXT | F100: NONO_PASSWORD_TEXT | G100: VARCHAR(20) | H100: StringType() | L100: 18 | M100: Y | O100: Y | P100: CAST({COLREPLACE} AS STRING) | Q100: NULL
...

Sheet ETLMetadata
A1: Load Type | B1: Source System Name | C1: Table Name Source | D1: Table Name Target | E1: Column Name Source | F1: Column Name Target | G1: Data Type Source | H1: Data Type Target | I1: Format Target | J1: PrimaryKeyFlag | K1: PI | L1: Order | M1: Include Column | N1: Filter | O1: Transformation Required | P1: Tranformation Rule
A2: History | B2: CLK | C2: CIRC_PORT_PODT | D2: CIRC_PORT_PODT | E2: EXTRACT_DATE | F2: EXTRACT_DATE | G2: DATE | H2: StringType() | I2: YYYY-MM-DD | L2: 1 | M2: Y | O2: Y | P2: CAST({COLREPLACE} AS STRING)
A3: History | B3: CLK | C3: CIRC_PORT_PODT | D3: CIRC_PORT_PODT | E3: LOGICAL_DELETE_DATE | F3: LOGICAL_DELETE_DATE | G3: DATE | H3: StringType() | I3: YYYY-MM-DD | L3: 2 | M3: Y | O3: Y | P3: CAST({COLREPLACE} AS STRING)
A4: History | B4: CLK | C4: CIRC_PORT_PODT | D4: CIRC_PORT_PODT | E4: ENVIRONMENT_ID | F4: ENVIRONMENT_ID | G4: CHAR(1) | H4: StringType() | J4: Y | L4: 3 | M4: Y | O4: Y | P4: CAST({COLREPLACE} AS STRING)
A5: History | B5: CLK | C5: CIRC_PORT_PODT | D5: CIRC_PORT_PODT | E5: PERSON_ID | F5: PERSON_ID | G5: INTEGER | H5: StringType() | J5: Y | K5: Y | L5: 4 | M5: Y | O5: Y | P5: CAST({COLREPLACE} AS STRING)
A6: History | B6: CLK | C6: CIRC_PORT_PODT | D6: CIRC_PORT_PODT | E6: PROCESSING_SEQUENCE | F6: PROCESSING_SEQUENCE | G6: SMALLINT | H6: StringType() | J6: Y | L6: 5 | M6: Y | O6: Y | P6: CAST({COLREPLACE} AS STRING)
A7: History | B7: CLK | C7: CIRC_PORT_PODT | D7: CIRC_PORT_PODT | E7: PODT_AMR_1 | F7: PODT_AMR_1 | G7: CHAR(4) | H7: StringType() | L7: 6 | M7: Y | O7: Y | P7: CAST({COLREPLACE} AS STRING)
A8: History | B8: CLK | C8: CIRC_PORT_PODT | D8: CIRC_PORT_PODT | E8: PODT_AMR_2 | F8: PODT_AMR_2 | G8: CHAR(1) | H8: StringType() | L8: 7 | M8: Y | O8: Y | P8: CAST({COLREPLACE} AS STRING)
A9: History | B9: CLK | C9: CIRC_PORT_PODT | D9: CIRC_PORT_PODT | E9: PODT_AMR_3 | F9: PODT_AMR_3 | G9: CHAR(4) | H9: StringType() | L9: 8 | M9: Y | O9: Y | P9: CAST({COLREPLACE} AS STRING)
A10: History | B10: CLK | C10: CIRC_PORT_PODT | D10: CIRC_PORT_PODT | E10: PODT_EXPCT_STAY_LEN_CODE | F10: PODT_EXPCT_STAY_LEN_CODE | G10: CHAR(3) | H10: StringType() | L10: 9 | M10: Y | O10: Y | P10: CAST({COLREPLACE} AS STRING)
A11: History | B11: CLK | C11: CIRC_PORT_PODT | D11: CIRC_PORT_PODT | E11: PODT_AUS_DPRT_DATE | F11: PODT_AUS_DPRT_DATE | G11: DATE | H11: StringType() | I11: YYYY-MM-DD | L11: 10 | M11: Y | O11: Y | P11: CAST({COLREPLACE} AS STRING)
A12: History | B12: CLK | C12: CIRC_PORT_PODT | D12: CIRC_PORT_PODT | E12: PODT_AUS_DPRT_DATE_ORIG | F12: PODT_AUS_DPRT_DATE_ORIG | G12: INTEGER | H12: StringType() | L12: 11 | M12: Y | O12: Y | P12: CAST({COLREPLACE} AS STRING)
A13: History | B13: CLK | C13: CIRC_PORT_PODT | D13: CIRC_PORT_PODT | E13: PODT_AUS_RTN_DATE | F13: PODT_AUS_RTN_DATE | G13: DATE | H13: StringType() | I13: YYYY-MM-DD | L13: 12 | M13: Y | O13: Y | P13: CAST({COLREPLACE} AS STRING)
A14: History | B14: CLK | C14: CIRC_PORT_PODT | D14: CIRC_PORT_PODT | E14: PODT_AUS_RTN_DATE_ORIG | F14: PODT_AUS_RTN_DATE_ORIG | G14: INTEGER | H14: StringType() | L14: 13 | M14: Y | O14: Y | P14: CAST({COLREPLACE} AS STRING)
A15: History | B15: CLK | C15: CIRC_PORT_PODT | D15: CIRC_PORT_PODT | E15: PODT_DPRT_CERT_CODE | F15: PODT_DPRT_CERT_CODE | G15: CHAR(3) | H15: StringType() | L15: 14 | M15: Y | O15: Y | P15: CAST({COLREPLACE} AS STRING)
A16: History | B16: CLK | C16: CIRC_PORT_PODT | D16: CIRC_PORT_PODT | E16: PODT_DOV | F16: PODT_DOV | G16: DATE | H16: StringType() | I16: YYYY-MM-DD | L16: 15 | M16: Y | O16: Y | P16: CAST({COLREPLACE} AS STRING)
A17: History | B17: CLK | C17: CIRC_PORT_PODT | D17: CIRC_PORT_PODT | E17: PODT_DOV_ORIG | F17: PODT_DOV_ORIG | G17: INTEGER | H17: StringType() | L17: 16 | M17: Y | O17: Y | P17: CAST({COLREPLACE} AS STRING)
A18: History | B18: CLK | C18: CIRC_PORT_PODT | D18: CIRC_PORT_PODT | E18: PODT_LOCN_CTRY_CODE | F18: PODT_LOCN_CTRY_CODE | G18: CHAR(3) | H18: StringType() | L18: 17 | M18: Y | O18: Y | P18: CAST({COLREPLACE} AS STRING)
A19: History | B19: CLK | C19: CIRC_PORT_PODT | D19: CIRC_PORT_PODT | E19: PODT_NZ_CLM_REJ_IND | F19: PODT_NZ_CLM_REJ_IND | G19: CHAR(1) | H19: StringType() | L19: 18 | M19: Y | O19: Y | P19: CAST({COLREPLACE} AS STRING)
A20: History | B20: CLK | C20: CIRC_PORT_PODT | D20: CIRC_PORT_PODT | E20: PODT_OSEAS_CAN_EXEMPT_CODE | F20: PODT_OSEAS_CAN_EXEMPT_CODE | G20: CHAR(3) | H20: StringType() | L20: 19 | M20: Y | O20: Y | P20: CAST({COLREPLACE} AS STRING)
A21: History | B21: CLK | C21: CIRC_PORT_PODT | D21: CIRC_PORT_PODT | E21: PODT_PRE_PP_SAVE_IND | F21: PODT_PRE_PP_SAVE_IND | G21: CHAR(1) | H21: StringType() | L21: 20 | M21: Y | O21: Y | P21: CAST({COLREPLACE} AS STRING)
A22: History | B22: CLK | C22: CIRC_PORT_PODT | D22: CIRC_PORT_PODT | E22: PODT_SPCL_ACT_OF_GRACE_CODE | F22: PODT_SPCL_ACT_OF_GRACE_CODE | G22: CHAR(3) | H22: StringType() | L22: 21 | M22: Y | O22: Y | P22: CAST({COLREPLACE} AS STRING)
A23: History | B23: CLK | C23: CIRC_PORT_PODT | D23: CIRC_PORT_PODT | E23: AMR1_RISL_DTS | F23: AMR1_RISL_DTS | G23: TIMESTAMP(6) | H23: StringType() | I23: YYYY-MM-DDBHH:MI:SS.S(6) | L23: 22 | M23: Y | O23: Y | P23: CAST({COLREPLACE} AS STRING)
A24: History | B24: CLK | C24: CIRC_PORT_PODT | D24: CIRC_PORT_PODT | E24: AMR3_RISL_DTS | F24: AMR3_RISL_DTS | G24: TIMESTAMP(6) | H24: StringType() | I24: YYYY-MM-DDBHH:MI:SS.S(6) | L24: 23 | M24: Y | O24: Y | P24: CAST({COLREPLACE} AS STRING)
A25: History | B25: CLK | C25: CIRC_PORT_PODT | D25: CIRC_PORT_PODT | E25: PARTY_ID | F25: PARTY_ID | G25: INTEGER | H25: StringType() | L25: 30 | M25: Y | O25: Y | P25: CAST({COLREPLACE} AS STRING)
A26: History | B26: CLK | C26: CIRC_PORT_PODT | D26: CIRC_PORT_PODT | E26: PARTY_ROLE_ID | F26: PARTY_ROLE_ID | G26: INTEGER | H26: StringType() | L26: 31 | M26: Y | O26: Y | P26: CAST({COLREPLACE} AS STRING)
A27: History | B27: CLK | C27: CIRC_PORT_PODT | D27: CIRC_PORT_PODT | E27: ERROR_COUNT | F27: ERROR_COUNT | G27: SMALLINT | H27: StringType() | L27: 32 | M27: Y | O27: Y | P27: CAST({COLREPLACE} AS STRING)
A28: History | B28: CLK | C28: CIRC_PORT_PODT | D28: CIRC_PORT_PODT | E28: Start_Date | F28: Start_Date | G28: DATE | H28: StringType() | I28: YYYY-MM-DD | L28: 33 | M28: Y | O28: Y | P28: CAST({COLREPLACE} AS STRING)
A29: History | B29: CLK | C29: CIRC_PORT_PODT | D29: CIRC_PORT_PODT | E29: End_Date | F29: End_Date | G29: DATE | H29: StringType() | I29: YYYY-MM-DD | L29: 34 | M29: Y | O29: Y | P29: CAST({COLREPLACE} AS STRING)
A30: History | B30: CLK | C30: CIRC_PORT_PODT | D30: CIRC_PORT_PODT | E30: Record_Deleted_Flag | F30: Record_Deleted_Flag | G30: BYTEINT | H30: StringType() | L30: 35 | M30: Y | O30: Y | P30: CAST({COLREPLACE} AS STRING)
A31: History | B31: CLK | C31: CIRC_RES_RSCB | D31: CIRC_RES_RSCB | E31: EXTRACT_DATE | F31: EXTRACT_DATE | G31: DATE | H31: StringType() | I31: YYYY-MM-DD | L31: 1 | M31: Y | O31: Y | P31: CAST({COLREPLACE} AS STRING)
A32: History | B32: CLK | C32: CIRC_RES_RSCB | D32: CIRC_RES_RSCB | E32: LOGICAL_DELETE_DATE | F32: LOGICAL_DELETE_DATE | G32: DATE | H32: StringType() | I32: YYYY-MM-DD | L32: 2 | M32: Y | O32: Y | P32: CAST({COLREPLACE} AS STRING)
A33: History | B33: CLK | C33: CIRC_RES_RSCB | D33: CIRC_RES_RSCB | E33: ENVIRONMENT_ID | F33: ENVIRONMENT_ID | G33: CHAR(1) | H33: StringType() | J33: Y | L33: 3 | M33: Y | O33: Y | P33: CAST({COLREPLACE} AS STRING)
A34: History | B34: CLK | C34: CIRC_RES_RSCB | D34: CIRC_RES_RSCB | E34: PERSON_ID | F34: PERSON_ID | G34: INTEGER | H34: StringType() | J34: Y | K34: Y | L34: 4 | M34: Y | O34: Y | P34: CAST({COLREPLACE} AS STRING)
A35: History | B35: CLK | C35: CIRC_RES_RSCB | D35: CIRC_RES_RSCB | E35: RSCB_DOR | F35: RSCB_DOR | G35: DATE | H35: StringType() | I35: YYYY-MM-DD | L35: 5 | M35: Y | O35: Y | P35: CAST({COLREPLACE} AS STRING)
A36: History | B36: CLK | C36: CIRC_RES_RSCB | D36: CIRC_RES_RSCB | E36: RSCB_DOR_ORIG | F36: RSCB_DOR_ORIG | G36: INTEGER | H36: StringType() | L36: 6 | M36: Y | O36: Y | P36: CAST({COLREPLACE} AS STRING)
A37: History | B37: CLK | C37: CIRC_RES_RSCB | D37: CIRC_RES_RSCB | E37: PROCESSING_SEQUENCE | F37: PROCESSING_SEQUENCE | G37: SMALLINT | H37: StringType() | J37: Y | L37: 7 | M37: Y | O37: Y | P37: CAST({COLREPLACE} AS STRING)
A38: History | B38: CLK | C38: CIRC_RES_RSCB | D38: CIRC_RES_RSCB | E38: RSCB_AMR_1 | F38: RSCB_AMR_1 | G38: CHAR(4) | H38: StringType() | L38: 8 | M38: Y | O38: Y | P38: CAST({COLREPLACE} AS STRING)
A39: History | B39: CLK | C39: CIRC_RES_RSCB | D39: CIRC_RES_RSCB | E39: RSCB_AMR_2 | F39: RSCB_AMR_2 | G39: CHAR(1) | H39: StringType() | L39: 9 | M39: Y | O39: Y | P39: CAST({COLREPLACE} AS STRING)
A40: History | B40: CLK | C40: CIRC_RES_RSCB | D40: CIRC_RES_RSCB | E40: RSCB_AMR_3 | F40: RSCB_AMR_3 | G40: CHAR(4) | H40: StringType() | L40: 10 | M40: Y | O40: Y | P40: CAST({COLREPLACE} AS STRING)
A41: History | B41: CLK | C41: CIRC_RES_RSCB | D41: CIRC_RES_RSCB | E41: RSCB_BIRTH_CTRY_CODE | F41: RSCB_BIRTH_CTRY_CODE | G41: CHAR(2) | H41: StringType() | L41: 11 | M41: Y | O41: Y | P41: CAST({COLREPLACE} AS STRING)
A42: History | B42: CLK | C42: CIRC_RES_RSCB | D42: CIRC_RES_RSCB | E42: RSCB_CHNL_CODE | F42: RSCB_CHNL_CODE | G42: CHAR(3) | H42: StringType() | L42: 12 | M42: Y | O42: Y | P42: CAST({COLREPLACE} AS STRING)
A43: History | B43: CLK | C43: CIRC_RES_RSCB | D43: CIRC_RES_RSCB | E43: AMR1_RISL_DTS | F43: AMR1_RISL_DTS | G43: TIMESTAMP(6) | H43: StringType() | I43: YYYY-MM-DDBHH:MI:SS.S(6) | L43: 13 | M43: Y | O43: Y | P43: CAST({COLREPLACE} AS STRING)
A44: History | B44: CLK | C44: CIRC_RES_RSCB | D44: CIRC_RES_RSCB | E44: AMR3_RISL_DTS | F44: AMR3_RISL_DTS | G44: TIMESTAMP(6) | H44: StringType() | I44: YYYY-MM-DDBHH:MI:SS.S(6) | L44: 14 | M44: Y | O44: Y | P44: CAST({COLREPLACE} AS STRING)
A45: History | B45: CLK | C45: CIRC_RES_RSCB | D45: CIRC_RES_RSCB | E45: PARTY_ROLE_ID | F45: PARTY_ROLE_ID | G45: INTEGER | H45: StringType() | L45: 21 | M45: Y | O45: Y | P45: CAST({COLREPLACE} AS STRING)
A46: History | B46: CLK | C46: CIRC_RES_RSCB | D46: CIRC_RES_RSCB | E46: ERROR_COUNT | F46: ERROR_COUNT | G46: SMALLINT | H46: StringType() | L46: 22 | M46: Y | O46: Y | P46: CAST({COLREPLACE} AS STRING)
A47: History | B47: CLK | C47: CIRC_RES_RSCB | D47: CIRC_RES_RSCB | E47: Start_Date | F47: Start_Date | G47: DATE | H47: StringType() | I47: YYYY-MM-DD | L47: 23 | M47: Y | O47: Y | P47: CAST({COLREPLACE} AS STRING)
A48: History | B48: CLK | C48: CIRC_RES_RSCB | D48: CIRC_RES_RSCB | E48: End_Date | F48: End_Date | G48: DATE | H48: StringType() | I48: YYYY-MM-DD | L48: 24 | M48: Y | O48: Y | P48: CAST({COLREPLACE} AS STRING)
A49: History | B49: CLK | C49: CIRC_RES_RSCB | D49: CIRC_RES_RSCB | E49: Record_Deleted_Flag | F49: Record_Deleted_Flag | G49: BYTEINT | H49: StringType() | L49: 25 | M49: Y | O49: Y | P49: CAST({COLREPLACE} AS STRING)
A50: History | B50: CLK | C50: CIRC_RES_RSCV | D50: CIRC_RES_RSCV | E50: EXTRACT_DATE | F50: EXTRACT_DATE | G50: DATE | H50: StringType() | I50: YYYY-MM-DD | L50: 1 | M50: Y | O50: Y | P50: CAST({COLREPLACE} AS STRING)
A51: History | B51: CLK | C51: CIRC_RES_RSCV | D51: CIRC_RES_RSCV | E51: LOGICAL_DELETE_DATE | F51: LOGICAL_DELETE_DATE | G51: DATE | H51: StringType() | I51: YYYY-MM-DD | L51: 2 | M51: Y | O51: Y | P51: CAST({COLREPLACE} AS STRING)
A52: History | B52: CLK | C52: CIRC_RES_RSCV | D52: CIRC_RES_RSCV | E52: ENVIRONMENT_ID | F52: ENVIRONMENT_ID | G52: CHAR(1) | H52: StringType() | J52: Y | L52: 3 | M52: Y | O52: Y | P52: CAST({COLREPLACE} AS STRING)
A53: History | B53: CLK | C53: CIRC_RES_RSCV | D53: CIRC_RES_RSCV | E53: PERSON_ID | F53: PERSON_ID | G53: INTEGER | H53: StringType() | J53: Y | K53: Y | L53: 4 | M53: Y | O53: Y | P53: CAST({COLREPLACE} AS STRING)
A54: History | B54: CLK | C54: CIRC_RES_RSCV | D54: CIRC_RES_RSCV | E54: RSCV_DOV | F54: RSCV_DOV | G54: DATE | H54: StringType() | I54: YYYY-MM-DD | L54: 5 | M54: Y | O54: Y | P54: CAST({COLREPLACE} AS STRING)
A55: History | B55: CLK | C55: CIRC_RES_RSCV | D55: CIRC_RES_RSCV | E55: RSCV_DOV_ORIG | F55: RSCV_DOV_ORIG | G55: INTEGER | H55: StringType() | L55: 6 | M55: Y | O55: Y | P55: CAST({COLREPLACE} AS STRING)
A56: History | B56: CLK | C56: CIRC_RES_RSCV | D56: CIRC_RES_RSCV | E56: PROCESSING_SEQUENCE | F56: PROCESSING_SEQUENCE | G56: SMALLINT | H56: StringType() | J56: Y | L56: 7 | M56: Y | O56: Y | P56: CAST({COLREPLACE} AS STRING)
A57: History | B57: CLK | C57: CIRC_RES_RSCV | D57: CIRC_RES_RSCV | E57: RSCV_AMR_1 | F57: RSCV_AMR_1 | G57: CHAR(4) | H57: StringType() | L57: 8 | M57: Y | O57: Y | P57: CAST({COLREPLACE} AS STRING)
A58: History | B58: CLK | C58: CIRC_RES_RSCV | D58: CIRC_RES_RSCV | E58: RSCV_AMR_2 | F58: RSCV_AMR_2 | G58: CHAR(1) | H58: StringType() | L58: 9 | M58: Y | O58: Y | P58: CAST({COLREPLACE} AS STRING)
A59: History | B59: CLK | C59: CIRC_RES_RSCV | D59: CIRC_RES_RSCV | E59: RSCV_AMR_3 | F59: RSCV_AMR_3 | G59: CHAR(4) | H59: StringType() | L59: 10 | M59: Y | O59: Y | P59: CAST({COLREPLACE} AS STRING)
A60: History | B60: CLK | C60: CIRC_RES_RSCV | D60: CIRC_RES_RSCV | E60: RSCV_AUST_CTZN_VLD_IND | F60: RSCV_AUST_CTZN_VLD_IND | G60: CHAR(1) | H60: StringType() | L60: 11 | M60: Y | O60: Y | P60: CAST({COLREPLACE} AS STRING)
A61: History | B61: CLK | C61: CIRC_RES_RSCV | D61: CIRC_RES_RSCV | E61: PARTY_ROLE_ID | F61: PARTY_ROLE_ID | G61: INTEGER | H61: StringType() | L61: 12 | M61: Y | O61: Y | P61: CAST({COLREPLACE} AS STRING)
A62: History | B62: CLK | C62: CIRC_RES_RSCV | D62: CIRC_RES_RSCV | E62: AMR1_RISL_DTS | F62: AMR1_RISL_DTS | G62: TIMESTAMP(6) | H62: StringType() | I62: YYYY-MM-DDBHH:MI:SS.S(6) | L62: 13 | M62: Y | O62: Y | P62: CAST({COLREPLACE} AS STRING)
A63: History | B63: CLK | C63: CIRC_RES_RSCV | D63: CIRC_RES_RSCV | E63: AMR3_RISL_DTS | F63: AMR3_RISL_DTS | G63: TIMESTAMP(6) | H63: StringType() | I63: YYYY-MM-DDBHH:MI:SS.S(6) | L63: 14 | M63: Y | O63: Y | P63: CAST({COLREPLACE} AS STRING)
A64: History | B64: CLK | C64: CIRC_RES_RSCV | D64: CIRC_RES_RSCV | E64: ERROR_COUNT | F64: ERROR_COUNT | G64: SMALLINT | H64: StringType() | L64: 21 | M64: Y | O64: Y | P64: CAST({COLREPLACE} AS STRING)
A65: History | B65: CLK | C65: CIRC_RES_RSCV | D65: CIRC_RES_RSCV | E65: Start_Date | F65: Start_Date | G65: DATE | H65: StringType() | I65: YYYY-MM-DD | L65: 23 | M65: Y | O65: Y | P65: CAST({COLREPLACE} AS STRING)
A66: History | B66: CLK | C66: CIRC_RES_RSCV | D66: CIRC_RES_RSCV | E66: End_Date | F66: End_Date | G66: DATE | H66: StringType() | I66: YYYY-MM-DD | L66: 24 | M66: Y | O66: Y | P66: CAST({COLREPLACE} AS STRING)
A67: History | B67: CLK | C67: CIRC_RES_RSCV | D67: CIRC_RES_RSCV | E67: Record_Deleted_Flag | F67: Record_Deleted_Flag | G67: BYTEINT | H67: StringType() | L67: 25 | M67: Y | O67: Y | P67: CAST({COLREPLACE} AS STRING)
A68: History | B68: CLK | C68: CIRC_RES_RSEV | D68: CIRC_RES_RSEV | E68: EXTRACT_DATE | F68: EXTRACT_DATE | G68: DATE | H68: StringType() | I68: YYYY-MM-DD | L68: 1 | M68: Y | O68: Y | P68: CAST({COLREPLACE} AS STRING)
A69: History | B69: CLK | C69: CIRC_RES_RSEV | D69: CIRC_RES_RSEV | E69: LOGICAL_DELETE_DATE | F69: LOGICAL_DELETE_DATE | G69: DATE | H69: StringType() | I69: YYYY-MM-DD | L69: 2 | M69: Y | O69: Y | P69: CAST({COLREPLACE} AS STRING)
A70: History | B70: CLK | C70: CIRC_RES_RSEV | D70: CIRC_RES_RSEV | E70: ENVIRONMENT_ID | F70: ENVIRONMENT_ID | G70: CHAR(1) | H70: StringType() | J70: Y | L70: 3 | M70: Y | O70: Y | P70: CAST({COLREPLACE} AS STRING)
A71: History | B71: CLK | C71: CIRC_RES_RSEV | D71: CIRC_RES_RSEV | E71: PERSON_ID | F71: PERSON_ID | G71: INTEGER | H71: StringType() | J71: Y | K71: Y | L71: 4 | M71: Y | O71: Y | P71: CAST({COLREPLACE} AS STRING)
A72: History | B72: CLK | C72: CIRC_RES_RSEV | D72: CIRC_RES_RSEV | E72: RSEV_VISA_GRANT_DATE | F72: RSEV_VISA_GRANT_DATE | G72: DATE | H72: StringType() | I72: YYYY-MM-DD | L72: 5 | M72: Y | O72: Y | P72: CAST({COLREPLACE} AS STRING)
A73: History | B73: CLK | C73: CIRC_RES_RSEV | D73: CIRC_RES_RSEV | E73: RSEV_VISA_GRANT_DATE_ORIG | F73: RSEV_VISA_GRANT_DATE_ORIG | G73: INTEGER | H73: StringType() | L73: 6 | M73: Y | O73: Y | P73: CAST({COLREPLACE} AS STRING)
A74: History | B74: CLK | C74: CIRC_RES_RSEV | D74: CIRC_RES_RSEV | E74: RSEV_VISA_SUB_CLASS_CODE | F74: RSEV_VISA_SUB_CLASS_CODE | G74: CHAR(5) | H74: StringType() | L74: 7 | M74: Y | O74: Y | P74: CAST({COLREPLACE} AS STRING)
A75: History | B75: CLK | C75: CIRC_RES_RSEV | D75: CIRC_RES_RSEV | E75: PROCESSING_SEQUENCE | F75: PROCESSING_SEQUENCE | G75: SMALLINT | H75: StringType() | J75: Y | L75: 8 | M75: Y | O75: Y | P75: CAST({COLREPLACE} AS STRING)
A76: History | B76: CLK | C76: CIRC_RES_RSEV | D76: CIRC_RES_RSEV | E76: RSEV_AMR_1 | F76: RSEV_AMR_1 | G76: CHAR(4) | H76: StringType() | L76: 9 | M76: Y | O76: Y | P76: CAST({COLREPLACE} AS STRING)
A77: History | B77: CLK | C77: CIRC_RES_RSEV | D77: CIRC_RES_RSEV | E77: RSEV_AMR_2 | F77: RSEV_AMR_2 | G77: CHAR(1) | H77: StringType() | L77: 10 | M77: Y | O77: Y | P77: CAST({COLREPLACE} AS STRING)
A78: History | B78: CLK | C78: CIRC_RES_RSEV | D78: CIRC_RES_RSEV | E78: RSEV_AMR_3 | F78: RSEV_AMR_3 | G78: CHAR(4) | H78: StringType() | L78: 11 | M78: Y | O78: Y | P78: CAST({COLREPLACE} AS STRING)
A79: History | B79: CLK | C79: CIRC_RES_RSEV | D79: CIRC_RES_RSEV | E79: RSEV_CHNL_CODE | F79: RSEV_CHNL_CODE | G79: CHAR(3) | H79: StringType() | L79: 12 | M79: Y | O79: Y | P79: CAST({COLREPLACE} AS STRING)
A80: History | B80: CLK | C80: CIRC_RES_RSEV | D80: CIRC_RES_RSEV | E80: RSEV_VISA_AOS_IND | F80: RSEV_VISA_AOS_IND | G80: CHAR(1) | H80: StringType() | L80: 13 | M80: Y | O80: Y | P80: CAST({COLREPLACE} AS STRING)
A81: History | B81: CLK | C81: CIRC_RES_RSEV | D81: CIRC_RES_RSEV | E81: RSEV_VISA_APPLN_DATE | F81: RSEV_VISA_APPLN_DATE | G81: DATE | H81: StringType() | I81: YYYY-MM-DD | L81: 14 | M81: Y | O81: Y | P81: CAST({COLREPLACE} AS STRING)
A82: History | B82: CLK | C82: CIRC_RES_RSEV | D82: CIRC_RES_RSEV | E82: RSEV_VISA_APPLN_DATE_ORIG | F82: RSEV_VISA_APPLN_DATE_ORIG | G82: INTEGER | H82: StringType() | L82: 15 | M82: Y | O82: Y | P82: CAST({COLREPLACE} AS STRING)
A83: History | B83: CLK | C83: CIRC_RES_RSEV | D83: CIRC_RES_RSEV | E83: RSEV_VISA_END_DATE | F83: RSEV_VISA_END_DATE | G83: DATE | H83: StringType() | I83: YYYY-MM-DD | L83: 16 | M83: Y | O83: Y | P83: CAST({COLREPLACE} AS STRING)
A84: History | B84: CLK | C84: CIRC_RES_RSEV | D84: CIRC_RES_RSEV | E84: RSEV_VISA_END_DATE_ORIG | F84: RSEV_VISA_END_DATE_ORIG | G84: INTEGER | H84: StringType() | L84: 17 | M84: Y | O84: Y | P84: CAST({COLREPLACE} AS STRING)
A85: History | B85: CLK | C85: CIRC_RES_RSEV | D85: CIRC_RES_RSEV | E85: RSEV_VISA_GRANT_NUM | F85: RSEV_VISA_GRANT_NUM | G85: VARCHAR(13) | H85: StringType() | L85: 18 | M85: Y | O85: Y | P85: CAST({COLREPLACE} AS STRING)
A86: History | B86: CLK | C86: CIRC_RES_RSEV | D86: CIRC_RES_RSEV | E86: RSEV_VISA_NUM | F86: RSEV_VISA_NUM | G86: VARCHAR(11) | H86: StringType() | L86: 19 | M86: Y | O86: Y | P86: CAST({COLREPLACE} AS STRING)
A87: History | B87: CLK | C87: CIRC_RES_RSEV | D87: CIRC_RES_RSEV | E87: AMR1_RISL_DTS | F87: AMR1_RISL_DTS | G87: TIMESTAMP(6) | H87: StringType() | I87: YYYY-MM-DDBHH:MI:SS.S(6) | L87: 20 | M87: Y | O87: Y | P87: CAST({COLREPLACE} AS STRING)
A88: History | B88: CLK | C88: CIRC_RES_RSEV | D88: CIRC_RES_RSEV | E88: AMR3_RISL_DTS | F88: AMR3_RISL_DTS | G88: TIMESTAMP(6) | H88: StringType() | I88: YYYY-MM-DDBHH:MI:SS.S(6) | L88: 21 | M88: Y | O88: Y | P88: CAST({COLREPLACE} AS STRING)
A89: History | B89: CLK | C89: CIRC_RES_RSEV | D89: CIRC_RES_RSEV | E89: PARTY_ID | F89: PARTY_ID | G89: INTEGER | H89: StringType() | L89: 28 | M89: Y | O89: Y | P89: CAST({COLREPLACE} AS STRING)
A90: History | B90: CLK | C90: CIRC_RES_RSEV | D90: CIRC_RES_RSEV | E90: PARTY_ROLE_ID | F90: PARTY_ROLE_ID | G90: INTEGER | H90: StringType() | L90: 29 | M90: Y | O90: Y | P90: CAST({COLREPLACE} AS STRING)
A91: History | B91: CLK | C91: CIRC_RES_RSEV | D91: CIRC_RES_RSEV | E91: ERROR_COUNT | F91: ERROR_COUNT | G91: SMALLINT | H91: StringType() | L91: 30 | M91: Y | O91: Y | P91: CAST({COLREPLACE} AS STRING)
A92: History | B92: CLK | C92: CIRC_RES_RSEV | D92: CIRC_RES_RSEV | E92: Start_Date | F92: Start_Date | G92: DATE | H92: StringType() | I92: YYYY-MM-DD | L92: 31 | M92: Y | O92: Y | P92: CAST({COLREPLACE} AS STRING)
A93: History | B93: CLK | C93: CIRC_RES_RSEV | D93: CIRC_RES_RSEV | E93: End_Date | F93: End_Date | G93: DATE | H93: StringType() | I93: YYYY-MM-DD | L93: 32 | M93: Y | O93: Y | P93: CAST({COLREPLACE} AS STRING)
A94: History | B94: CLK | C94: CIRC_RES_RSEV | D94: CIRC_RES_RSEV | E94: Record_Deleted_Flag | F94: Record_Deleted_Flag | G94: BYTEINT | H94: StringType() | L94: 33 | M94: Y | O94: Y | P94: CAST({COLREPLACE} AS STRING)
A95: History | B95: CLK | C95: CIRD_NREL_NONO | D95: CIRD_NREL_NONO | E95: EXTRACT_DATE | F95: EXTRACT_DATE | G95: DATE | H95: StringType() | I95: YYYY-MM-DD | L95: 1 | M95: Y | O95: Y | P95: CAST({COLREPLACE} AS STRING)
A96: History | B96: CLK | C96: CIRD_NREL_NONO | D96: CIRD_NREL_NONO | E96: LOGICAL_DELETE_DATE | F96: LOGICAL_DELETE_DATE | G96: DATE | H96: StringType() | I96: YYYY-MM-DD | L96: 2 | M96: Y | O96: Y | P96: CAST({COLREPLACE} AS STRING)
A97: History | B97: CLK | C97: CIRD_NREL_NONO | D97: CIRD_NREL_NONO | E97: ENVIRONMENT_ID | F97: ENVIRONMENT_ID | G97: CHAR(1) | H97: StringType() | J97: Y | L97: 3 | M97: Y | O97: Y | P97: CAST({COLREPLACE} AS STRING)
A98: History | B98: CLK | C98: CIRD_NREL_NONO | D98: CIRD_NREL_NONO | E98: PERSON_ID | F98: PERSON_ID | G98: INTEGER | H98: StringType() | J98: Y | K98: Y | L98: 4 | M98: Y | O98: Y | P98: CAST({COLREPLACE} AS STRING)
A99: History | B99: CLK | C99: CIRD_NREL_NONO | D99: CIRD_NREL_NONO | E99: SRC_PERSON_ID | F99: SRC_PERSON_ID | G99: INTEGER | H99: StringType() | J99: Y | K99: Y | L99: 5 | M99: Y | O99: Y | P99: CAST({COLREPLACE} AS STRING)
A100: History | B100: CLK | C100: CIRD_NREL_NONO | D100: CIRD_NREL_NONO | E100: NONO_DOE | F100: NONO_DOE | G100: DATE | H100: StringType() | I100: YYYY-MM-DD | L100: 6 | M100: Y | O100: Y | P100: CAST({COLREPLACE} AS STRING)
...

Sheet Classification
A1: Table Name Source | B1: Column Name Source | C1: PrimaryKeyFlag | D1: Data Type Source | E1: Character Set | G1: Source Security Classification | H1: Description | I1: EDW Security Classification ID | J1: Start Date | K1: End Date | L1: Generated Metadata SQL
A2: =ETLMetadata!$C2 -> CIRC_PORT_PODT | B2: =ETLMetadata!$E2 -> EXTRACT_DATE | C2: =IF(ISBLANK(ETLMetadata!$J2), "", ETLMetadata!$J2) | D2: =ETLMetadata!$G2 -> DATE | G2: =UPPER($F2) | J2: 45952 | K2: 2958465 | L2: =CONCATENATE("INSERT INTO metadata_reference.file_schema VALUES('",TRIM(A2),"','",TRIM(B2),"',",IF(TRIM(C2)="","NULL","'"&TRIM(C2)&"'"),",'",TRIM(D2),"',",IF(TRIM(E2)="","NULL","'"&TRIM(E2)&"'"),",",IF(TRIM(G2)="","NULL","'"&TRIM(G2)&"'"),",",IF(TRIM(H2)="","NULL","'"&TRIM(H2)&"'"),",", IF(TRIM(I2)="","NULL",TRIM(I2)),",",IF(TRIM(J2)="","NULL","'"&TEXT(J2,"yyyy-mm-dd")&"'"),",",IF(TRIM(K2)="","NULL","'"&TEXT(K2,"yyyy-mm-dd")&"'"),",","USER, CURRENT_TIMESTAMP(0));") -> INSERT INTO metadata_reference.file_schema VALUES('CIRC_PORT_PODT','EXTRACT_DATE',NULL,'DATE',NULL,NULL,NULL,NULL,'2025-10-22','9999-12-31',USER, CURRENT_TIMESTAMP(0));
A3: =ETLMetadata!$C3 -> CIRC_PORT_PODT | B3: =ETLMetadata!$E3 -> LOGICAL_DELETE_DATE | C3: =IF(ISBLANK(ETLMetadata!$J3), "", ETLMetadata!$J3) | D3: =ETLMetadata!$G3 -> DATE | G3: =UPPER($F3) | J3: 45952 | K3: 2958465 | L3: =CONCATENATE("INSERT INTO metadata_reference.file_schema VALUES('",TRIM(A3),"','",TRIM(B3),"',",IF(TRIM(C3)="","NULL","'"&TRIM(C3)&"'"),",'",TRIM(D3),"',",IF(TRIM(E3)="","NULL","'"&TRIM(E3)&"'"),",",IF(TRIM(G3)="","NULL","'"&TRIM(G3)&"'"),",",IF(TRIM(H3)="","NULL","'"&TRIM(H3)&"'"),",", IF(TRIM(I3)="","NULL",TRIM(I3)),",",IF(TRIM(J3)="","NULL","'"&TEXT(J3,"yyyy-mm-dd")&"'"),",",IF(TRIM(K3)="","NULL","'"&TEXT(K3,"yyyy-mm-dd")&"'"),",","USER, CURRENT_TIMESTAMP(0));") -> INSERT INTO metadata_reference.file_schema VALUES('CIRC_PORT_PODT','LOGICAL_DELETE_DATE',NULL,'DATE',NULL,NULL,NULL,NULL,'2025-10-22','9999-12-31',USER, CURRENT_TIMESTAMP(0));
A4: =ETLMetadata!$C4 -> CIRC_PORT_PODT | B4: =ETLMetadata!$E4 -> ENVIRONMENT_ID | C4: =IF(ISBLANK(ETLMetadata!$J4), "", ETLMetadata!$J4) -> Y | D4: =ETLMetadata!$G4 -> CHAR(1) | G4: =UPPER($F4) | J4: 45952 | K4: 2958465 | L4: =CONCATENATE("INSERT INTO metadata_reference.file_schema VALUES('",TRIM(A4),"','",TRIM(B4),"',",IF(TRIM(C4)="","NULL","'"&TRIM(C4)&"'"),",'",TRIM(D4),"',",IF(TRIM(E4)="","NULL","'"&TRIM(E4)&"'"),",",IF(TRIM(G4)="","NULL","'"&TRIM(G4)&"'"),",",IF(TRIM(H4)="","NULL","'"&TRIM(H4)&"'"),",", IF(TRIM(I4)="","NULL",TRIM(I4)),",",IF(TRIM(J4)="","NULL","'"&TEXT(J4,"yyyy-mm-dd")&"'"),",",IF(TRIM(K4)="","NULL","'"&TEXT(K4,"yyyy-mm-dd")&"'"),",","USER, CURRENT_TIMESTAMP(0));") -> INSERT INTO metadata_reference.file_schema VALUES('CIRC_PORT_PODT','ENVIRONMENT_ID','Y','CHAR(1)',NULL,NULL,NULL,NULL,'2025-10-22','9999-12-31',USER, CURRENT_TIMESTAMP(0));
A5: =ETLMetadata!$C5 -> CIRC_PORT_PODT | B5: =ETLMetadata!$E5 -> PERSON_ID | C5: =IF(ISBLANK(ETLMetadata!$J5), "", ETLMetadata!$J5) -> Y | D5: =ETLMetadata!$G5 -> INTEGER | F5: Personal_IdentityInfoDirect | G5: =UPPER($F5) -> PERSONAL_IDENTITYINFODIRECT | J5: 45952 | K5: 2958465 | L5: =CONCATENATE("INSERT INTO metadata_reference.file_schema VALUES('",TRIM(A5),"','",TRIM(B5),"',",IF(TRIM(C5)="","NULL","'"&TRIM(C5)&"'"),",'",TRIM(D5),"',",IF(TRIM(E5)="","NULL","'"&TRIM(E5)&"'"),",",IF(TRIM(G5)="","NULL","'"&TRIM(G5)&"'"),",",IF(TRIM(H5)="","NULL","'"&TRIM(H5)&"'"),",", IF(TRIM(I5)="","NULL",TRIM(I5)),",",IF(TRIM(J5)="","NULL","'"&TEXT(J5,"yyyy-mm-dd")&"'"),",",IF(TRIM(K5)="","NULL","'"&TEXT(K5,"yyyy-mm-dd")&"'"),",","USER, CURRENT_TIMESTAMP(0));") -> INSERT INTO metadata_reference.file_schema VALUES('CIRC_PORT_PODT','PERSON_ID','Y','INTEGER',NULL,'PERSONAL_IDENTITYINFODIRECT ',NULL,NULL,'2025-10-22','9999-12-31',USER, CURRENT_TIMESTAMP(0));
A6: =ETLMetadata!$C6 -> CIRC_PORT_PODT | B6: =ETLMetadata!$E6 -> PROCESSING_SEQUENCE | C6: =IF(ISBLANK(ETLMetadata!$J6), "", ETLMetadata!$J6) -> Y | D6: =ETLMetadata!$G6 -> SMALLINT | G6: =UPPER($F6) | J6: 45952 | K6: 2958465 | L6: =CONCATENATE("INSERT INTO metadata_reference.file_schema VALUES('",TRIM(A6),"','",TRIM(B6),"',",IF(TRIM(C6)="","NULL","'"&TRIM(C6)&"'"),",'",TRIM(D6),"',",IF(TRIM(E6)="","NULL","'"&TRIM(E6)&"'"),",",IF(TRIM(G6)="","NULL","'"&TRIM(G6)&"'"),",",IF(TRIM(H6)="","NULL","'"&TRIM(H6)&"'"),",", IF(TRIM(I6)="","NULL",TRIM(I6)),",",IF(TRIM(J6)="","NULL","'"&TEXT(J6,"yyyy-mm-dd")&"'"),",",IF(TRIM(K6)="","NULL","'"&TEXT(K6,"yyyy-mm-dd")&"'"),",","USER, CURRENT_TIMESTAMP(0));") -> INSERT INTO metadata_reference.file_schema VALUES('CIRC_PORT_PODT','PROCESSING_SEQUENCE','Y','SMALLINT',NULL,NULL,NULL,NULL,'2025-10-22','9999-12-31',USER, CURRENT_TIMESTAMP(0));
A7: =ETLMetadata!$C7 -> CIRC_PORT_PODT | B7: =ETLMetadata!$E7 -> PODT_AMR_1 | C7: =IF(ISBLANK(ETLMetadata!$J7), "", ETLMetadata!$J7) | D7: =ETLMetadata!$G7 -> CHAR(4) | G7: =UPPER($F7) | J7: 45952 | K7: 2958465 | L7: =CONCATENATE("INSERT INTO metadata_reference.file_schema VALUES('",TRIM(A7),"','",TRIM(B7),"',",IF(TRIM(C7)="","NULL","'"&TRIM(C7)&"'"),",'",TRIM(D7),"',",IF(TRIM(E7)="","NULL","'"&TRIM(E7)&"'"),",",IF(TRIM(G7)="","NULL","'"&TRIM(G7)&"'"),",",IF(TRIM(H7)="","NULL","'"&TRIM(H7)&"'"),",", IF(TRIM(I7)="","NULL",TRIM(I7)),",",IF(TRIM(J7)="","NULL","'"&TEXT(J7,"yyyy-mm-dd")&"'"),",",IF(TRIM(K7)="","NULL","'"&TEXT(K7,"yyyy-mm-dd")&"'"),",","USER, CURRENT_TIMESTAMP(0));") -> INSERT INTO metadata_reference.file_schema VALUES('CIRC_PORT_PODT','PODT_AMR_1',NULL,'CHAR(4)',NULL,NULL,NULL,NULL,'2025-10-22','9999-12-31',USER, CURRENT_TIMESTAMP(0));
A8: =ETLMetadata!$C8 -> CIRC_PORT_PODT | B8: =ETLMetadata!$E8 -> PODT_AMR_2 | C8: =IF(ISBLANK(ETLMetadata!$J8), "", ETLMetadata!$J8) | D8: =ETLMetadata!$G8 -> CHAR(1) | G8: =UPPER($F8) | J8: 45952 | K8: 2958465 | L8: =CONCATENATE("INSERT INTO metadata_reference.file_schema VALUES('",TRIM(A8),"','",TRIM(B8),"',",IF(TRIM(C8)="","NULL","'"&TRIM(C8)&"'"),",'",TRIM(D8),"',",IF(TRIM(E8)="","NULL","'"&TRIM(E8)&"'"),",",IF(TRIM(G8)="","NULL","'"&TRIM(G8)&"'"),",",IF(TRIM(H8)="","NULL","'"&TRIM(H8)&"'"),",", IF(TRIM(I8)="","NULL",TRIM(I8)),",",IF(TRIM(J8)="","NULL","'"&TEXT(J8,"yyyy-mm-dd")&"'"),",",IF(TRIM(K8)="","NULL","'"&TEXT(K8,"yyyy-mm-dd")&"'"),",","USER, CURRENT_TIMESTAMP(0));") -> INSERT INTO metadata_reference.file_schema VALUES('CIRC_PORT_PODT','PODT_AMR_2',NULL,'CHAR(1)',NULL,NULL,NULL,NULL,'2025-10-22','9999-12-31',USER, CURRENT_TIMESTAMP(0));
A9: =ETLMetadata!$C9 -> CIRC_PORT_PODT | B9: =ETLMetadata!$E9 -> PODT_AMR_3 | C9: =IF(ISBLANK(ETLMetadata!$J9), "", ETLMetadata!$J9) | D9: =ETLMetadata!$G9 -> CHAR(4) | G9: =UPPER($F9) | J9: 45952 | K9: 2958465 | L9: =CONCATENATE("INSERT INTO metadata_reference.file_schema VALUES('",TRIM(A9),"','",TRIM(B9),"',",IF(TRIM(C9)="","NULL","'"&TRIM(C9)&"'"),",'",TRIM(D9),"',",IF(TRIM(E9)="","NULL","'"&TRIM(E9)&"'"),",",IF(TRIM(G9)="","NULL","'"&TRIM(G9)&"'"),",",IF(TRIM(H9)="","NULL","'"&TRIM(H9)&"'"),",", IF(TRIM(I9)="","NULL",TRIM(I9)),",",IF(TRIM(J9)="","NULL","'"&TEXT(J9,"yyyy-mm-dd")&"'"),",",IF(TRIM(K9)="","NULL","'"&TEXT(K9,"yyyy-mm-dd")&"'"),",","USER, CURRENT_TIMESTAMP(0));") -> INSERT INTO metadata_reference.file_schema VALUES('CIRC_PORT_PODT','PODT_AMR_3',NULL,'CHAR(4)',NULL,NULL,NULL,NULL,'2025-10-22','9999-12-31',USER, CURRENT_TIMESTAMP(0));
A10: =ETLMetadata!$C10 -> CIRC_PORT_PODT | B10: =ETLMetadata!$E10 -> PODT_EXPCT_STAY_LEN_CODE | C10: =IF(ISBLANK(ETLMetadata!$J10), "", ETLMetadata!$J10) | D10: =ETLMetadata!$G10 -> CHAR(3) | G10: =UPPER($F10) | J10: 45952 | K10: 2958465 | L10: =CONCATENATE("INSERT INTO metadata_reference.file_schema VALUES('",TRIM(A10),"','",TRIM(B10),"',",IF(TRIM(C10)="","NULL","'"&TRIM(C10)&"'"),",'",TRIM(D10),"',",IF(TRIM(E10)="","NULL","'"&TRIM(E10)&"'"),",",IF(TRIM(G10)="","NULL","'"&TRIM(G10)&"'"),",",IF(TRIM(H10)="","NULL","'"&TRIM(H10)&"'"),",", IF(TRIM(I10)="","NULL",TRIM(I10)),",",IF(TRIM(J10)="","NULL","'"&TEXT(J10,"yyyy-mm-dd")&"'"),",",IF(TRIM(K10)="","NULL","'"&TEXT(K10,"yyyy-mm-dd")&"'"),",","USER, CURRENT_TIMESTAMP(0));") -> INSERT INTO metadata_reference.file_schema VALUES('CIRC_PORT_PODT','PODT_EXPCT_STAY_LEN_CODE',NULL,'CHAR(3)',NULL,NULL,NULL,NULL,'2025-10-22','9999-12-31',USER, CURRENT_TIMESTAMP(0));
A11: =ETLMetadata!$C11 -> CIRC_PORT_PODT | B11: =ETLMetadata!$E11 -> PODT_AUS_DPRT_DATE | C11: =IF(ISBLANK(ETLMetadata!$J11), "", ETLMetadata!$J11) | D11: =ETLMetadata!$G11 -> DATE | G11: =UPPER($F11) | J11: 45952 | K11: 2958465 | L11: =CONCATENATE("INSERT INTO metadata_reference.file_schema VALUES('",TRIM(A11),"','",TRIM(B11),"',",IF(TRIM(C11)="","NULL","'"&TRIM(C11)&"'"),",'",TRIM(D11),"',",IF(TRIM(E11)="","NULL","'"&TRIM(E11)&"'"),",",IF(TRIM(G11)="","NULL","'"&TRIM(G11)&"'"),",",IF(TRIM(H11)="","NULL","'"&TRIM(H11)&"'"),",", IF(TRIM(I11)="","NULL",TRIM(I11)),",",IF(TRIM(J11)="","NULL","'"&TEXT(J11,"yyyy-mm-dd")&"'"),",",IF(TRIM(K11)="","NULL","'"&TEXT(K11,"yyyy-mm-dd")&"'"),",","USER, CURRENT_TIMESTAMP(0));") -> INSERT INTO metadata_reference.file_schema VALUES('CIRC_PORT_PODT','PODT_AUS_DPRT_DATE',NULL,'DATE',NULL,NULL,NULL,NULL,'2025-10-22','9999-12-31',USER, CURRENT_TIMESTAMP(0));
A12: =ETLMetadata!$C12 -> CIRC_PORT_PODT | B12: =ETLMetadata!$E12 -> PODT_AUS_DPRT_DATE_ORIG | C12: =IF(ISBLANK(ETLMetadata!$J12), "", ETLMetadata!$J12) | D12: =ETLMetadata!$G12 -> INTEGER | G12: =UPPER($F12) | J12: 45952 | K12: 2958465 | L12: =CONCATENATE("INSERT INTO metadata_reference.file_schema VALUES('",TRIM(A12),"','",TRIM(B12),"',",IF(TRIM(C12)="","NULL","'"&TRIM(C12)&"'"),",'",TRIM(D12),"',",IF(TRIM(E12)="","NULL","'"&TRIM(E12)&"'"),",",IF(TRIM(G12)="","NULL","'"&TRIM(G12)&"'"),",",IF(TRIM(H12)="","NULL","'"&TRIM(H12)&"'"),",", IF(TRIM(I12)="","NULL",TRIM(I12)),",",IF(TRIM(J12)="","NULL","'"&TEXT(J12,"yyyy-mm-dd")&"'"),",",IF(TRIM(K12)="","NULL","'"&TEXT(K12,"yyyy-mm-dd")&"'"),",","USER, CURRENT_TIMESTAMP(0));") -> INSERT INTO metadata_reference.file_schema VALUES('CIRC_PORT_PODT','PODT_AUS_DPRT_DATE_ORIG',NULL,'INTEGER',NULL,NULL,NULL,NULL,'2025-10-22','9999-12-31',USER, CURRENT_TIMESTAMP(0));
A13: =ETLMetadata!$C13 -> CIRC_PORT_PODT | B13: =ETLMetadata!$E13 -> PODT_AUS_RTN_DATE | C13: =IF(ISBLANK(ETLMetadata!$J13), "", ETLMetadata!$J13) | D13: =ETLMetadata!$G13 -> DATE | G13: =UPPER($F13) | J13: 45952 | K13: 2958465 | L13: =CONCATENATE("INSERT INTO metadata_reference.file_schema VALUES('",TRIM(A13),"','",TRIM(B13),"',",IF(TRIM(C13)="","NULL","'"&TRIM(C13)&"'"),",'",TRIM(D13),"',",IF(TRIM(E13)="","NULL","'"&TRIM(E13)&"'"),",",IF(TRIM(G13)="","NULL","'"&TRIM(G13)&"'"),",",IF(TRIM(H13)="","NULL","'"&TRIM(H13)&"'"),",", IF(TRIM(I13)="","NULL",TRIM(I13)),",",IF(TRIM(J13)="","NULL","'"&TEXT(J13,"yyyy-mm-dd")&"'"),",",IF(TRIM(K13)="","NULL","'"&TEXT(K13,"yyyy-mm-dd")&"'"),",","USER, CURRENT_TIMESTAMP(0));") -> INSERT INTO metadata_reference.file_schema VALUES('CIRC_PORT_PODT','PODT_AUS_RTN_DATE',NULL,'DATE',NULL,NULL,NULL,NULL,'2025-10-22','9999-12-31',USER, CURRENT_TIMESTAMP(0));
A14: =ETLMetadata!$C14 -> CIRC_PORT_PODT | B14: =ETLMetadata!$E14 -> PODT_AUS_RTN_DATE_ORIG | C14: =IF(ISBLANK(ETLMetadata!$J14), "", ETLMetadata!$J14) | D14: =ETLMetadata!$G14 -> INTEGER | G14: =UPPER($F14) | J14: 45952 | K14: 2958465 | L14: =CONCATENATE("INSERT INTO metadata_reference.file_schema VALUES('",TRIM(A14),"','",TRIM(B14),"',",IF(TRIM(C14)="","NULL","'"&TRIM(C14)&"'"),",'",TRIM(D14),"',",IF(TRIM(E14)="","NULL","'"&TRIM(E14)&"'"),",",IF(TRIM(G14)="","NULL","'"&TRIM(G14)&"'"),",",IF(TRIM(H14)="","NULL","'"&TRIM(H14)&"'"),",", IF(TRIM(I14)="","NULL",TRIM(I14)),",",IF(TRIM(J14)="","NULL","'"&TEXT(J14,"yyyy-mm-dd")&"'"),",",IF(TRIM(K14)="","NULL","'"&TEXT(K14,"yyyy-mm-dd")&"'"),",","USER, CURRENT_TIMESTAMP(0));") -> INSERT INTO metadata_reference.file_schema VALUES('CIRC_PORT_PODT','PODT_AUS_RTN_DATE_ORIG',NULL,'INTEGER',NULL,NULL,NULL,NULL,'2025-10-22','9999-12-31',USER, CURRENT_TIMESTAMP(0));
A15: =ETLMetadata!$C15 -> CIRC_PORT_PODT | B15: =ETLMetadata!$E15 -> PODT_DPRT_CERT_CODE | C15: =IF(ISBLANK(ETLMetadata!$J15), "", ETLMetadata!$J15) | D15: =ETLMetadata!$G15 -> CHAR(3) | G15: =UPPER($F15) | J15: 45952 | K15: 2958465 | L15: =CONCATENATE("INSERT INTO metadata_reference.file_schema VALUES('",TRIM(A15),"','",TRIM(B15),"',",IF(TRIM(C15)="","NULL","'"&TRIM(C15)&"'"),",'",TRIM(D15),"',",IF(TRIM(E15)="","NULL","'"&TRIM(E15)&"'"),",",IF(TRIM(G15)="","NULL","'"&TRIM(G15)&"'"),",",IF(TRIM(H15)="","NULL","'"&TRIM(H15)&"'"),",", IF(TRIM(I15)="","NULL",TRIM(I15)),",",IF(TRIM(J15)="","NULL","'"&TEXT(J15,"yyyy-mm-dd")&"'"),",",IF(TRIM(K15)="","NULL","'"&TEXT(K15,"yyyy-mm-dd")&"'"),",","USER, CURRENT_TIMESTAMP(0));") -> INSERT INTO metadata_reference.file_schema VALUES('CIRC_PORT_PODT','PODT_DPRT_CERT_CODE',NULL,'CHAR(3)',NULL,NULL,NULL,NULL,'2025-10-22','9999-12-31',USER, CURRENT_TIMESTAMP(0));
A16: =ETLMetadata!$C16 -> CIRC_PORT_PODT | B16: =ETLMetadata!$E16 -> PODT_DOV | C16: =IF(ISBLANK(ETLMetadata!$J16), "", ETLMetadata!$J16) | D16: =ETLMetadata!$G16 -> DATE | G16: =UPPER($F16) | J16: 45952 | K16: 2958465 | L16: =CONCATENATE("INSERT INTO metadata_reference.file_schema VALUES('",TRIM(A16),"','",TRIM(B16),"',",IF(TRIM(C16)="","NULL","'"&TRIM(C16)&"'"),",'",TRIM(D16),"',",IF(TRIM(E16)="","NULL","'"&TRIM(E16)&"'"),",",IF(TRIM(G16)="","NULL","'"&TRIM(G16)&"'"),",",IF(TRIM(H16)="","NULL","'"&TRIM(H16)&"'"),",", IF(TRIM(I16)="","NULL",TRIM(I16)),",",IF(TRIM(J16)="","NULL","'"&TEXT(J16,"yyyy-mm-dd")&"'"),",",IF(TRIM(K16)="","NULL","'"&TEXT(K16,"yyyy-mm-dd")&"'"),",","USER, CURRENT_TIMESTAMP(0));") -> INSERT INTO metadata_reference.file_schema VALUES('CIRC_PORT_PODT','PODT_DOV',NULL,'DATE',NULL,NULL,NULL,NULL,'2025-10-22','9999-12-31',USER, CURRENT_TIMESTAMP(0));
A17: =ETLMetadata!$C17 -> CIRC_PORT_PODT | B17: =ETLMetadata!$E17 -> PODT_DOV_ORIG | C17: =IF(ISBLANK(ETLMetadata!$J17), "", ETLMetadata!$J17) | D17: =ETLMetadata!$G17 -> INTEGER | G17: =UPPER($F17) | J17: 45952 | K17: 2958465 | L17: =CONCATENATE("INSERT INTO metadata_reference.file_schema VALUES('",TRIM(A17),"','",TRIM(B17),"',",IF(TRIM(C17)="","NULL","'"&TRIM(C17)&"'"),",'",TRIM(D17),"',",IF(TRIM(E17)="","NULL","'"&TRIM(E17)&"'"),",",IF(TRIM(G17)="","NULL","'"&TRIM(G17)&"'"),",",IF(TRIM(H17)="","NULL","'"&TRIM(H17)&"'"),",", IF(TRIM(I17)="","NULL",TRIM(I17)),",",IF(TRIM(J17)="","NULL","'"&TEXT(J17,"yyyy-mm-dd")&"'"),",",IF(TRIM(K17)="","NULL","'"&TEXT(K17,"yyyy-mm-dd")&"'"),",","USER, CURRENT_TIMESTAMP(0));") -> INSERT INTO metadata_reference.file_schema VALUES('CIRC_PORT_PODT','PODT_DOV_ORIG',NULL,'INTEGER',NULL,NULL,NULL,NULL,'2025-10-22','9999-12-31',USER, CURRENT_TIMESTAMP(0));
... A33: =ETLMetadata!$C33 -> CIRC_RES_RSCB | B33: =ETLMetadata!$E33 -> ENVIRONMENT_ID | C33: =IF(ISBLANK(ETLMetadata!$J33), "", ETLMetadata!$J33) -> Y | D33: =ETLMetadata!$G33 -> CHAR(1) | G33: =UPPER($F33) | J33: 45952 | K33: 2958465 | L33: =CONCATENATE("INSERT INTO metadata_reference.file_schema VALUES('",TRIM(A33),"','",TRIM(B33),"',",IF(TRIM(C33)="","NULL","'"&TRIM(C33)&"'"),",'",TRIM(D33),"',",IF(TRIM(E33)="","NULL","'"&TRIM(E33)&"'"),",",IF(TRIM(G33)="","NULL","'"&TRIM(G33)&"'"),",",IF(TRIM(H33)="","NULL","'"&TRIM(H33)&"'"),",", IF(TRIM(I33)="","NULL",TRIM(I33)),",",IF(TRIM(J33)="","NULL","'"&TEXT(J33,"yyyy-mm-dd")&"'"),",",IF(TRIM(K33)="","NULL","'"&TEXT(K33,"yyyy-mm-dd")&"'"),",","USER, CURRENT_TIMESTAMP(0));") -> INSERT INTO metadata_reference.file_schema VALUES('CIRC_RES_RSCB','ENVIRONMENT_ID','Y','CHAR(1)',NULL,NULL,NULL,NULL,'2025-10-22','9999-12-31',USER, CURRENT_TIMESTAMP(0));
A34: =ETLMetadata!$C34 -> CIRC_RES_RSCB | B34: =ETLMetadata!$E34 -> PERSON_ID | C34: =IF(ISBLANK(ETLMetadata!$J34), "", ETLMetadata!$J34) -> Y | D34: =ETLMetadata!$G34 -> INTEGER | F34: Personal_IdentityInfoIndirect | G34: =UPPER($F34) -> PERSONAL_IDENTITYINFOINDIRECT | J34: 45952 | K34: 2958465 | L34: =CONCATENATE("INSERT INTO metadata_reference.file_schema VALUES('",TRIM(A34),"','",TRIM(B34),"',",IF(TRIM(C34)="","NULL","'"&TRIM(C34)&"'"),",'",TRIM(D34),"',",IF(TRIM(E34)="","NULL","'"&TRIM(E34)&"'"),",",IF(TRIM(G34)="","NULL","'"&TRIM(G34)&"'"),",",IF(TRIM(H34)="","NULL","'"&TRIM(H34)&"'"),",", IF(TRIM(I34)="","NULL",TRIM(I34)),",",IF(TRIM(J34)="","NULL","'"&TEXT(J34,"yyyy-mm-dd")&"'"),",",IF(TRIM(K34)="","NULL","'"&TEXT(K34,"yyyy-mm-dd")&"'"),",","USER, CURRENT_TIMESTAMP(0));") -> INSERT INTO metadata_reference.file_schema VALUES('CIRC_RES_RSCB','PERSON_ID','Y','INTEGER',NULL,'PERSONAL_IDENTITYINFOINDIRECT ',NULL,NULL,'2025-10-22','9999-12-31',USER, CURRENT_TIMESTAMP(0));
A35: =ETLMetadata!$C35 -> CIRC_RES_RSCB | B35: =ETLMetadata!$E35 -> RSCB_DOR | C35: =IF(ISBLANK(ETLMetadata!$J35), "", ETLMetadata!$J35) | D35: =ETLMetadata!$G35 -> DATE | G35: =UPPER($F35) | J35: 45952 | K35: 2958465 | L35: =CONCATENATE("INSERT INTO metadata_reference.file_schema VALUES('",TRIM(A35),"','",TRIM(B35),"',",IF(TRIM(C35)="","NULL","'"&TRIM(C35)&"'"),",'",TRIM(D35),"',",IF(TRIM(E35)="","NULL","'"&TRIM(E35)&"'"),",",IF(TRIM(G35)="","NULL","'"&TRIM(G35)&"'"),",",IF(TRIM(H35)="","NULL","'"&TRIM(H35)&"'"),",", IF(TRIM(I35)="","NULL",TRIM(I35)),",",IF(TRIM(J35)="","NULL","'"&TEXT(J35,"yyyy-mm-dd")&"'"),",",IF(TRIM(K35)="","NULL","'"&TEXT(K35,"yyyy-mm-dd")&"'"),",","USER, CURRENT_TIMESTAMP(0));") -> INSERT INTO metadata_reference.file_schema VALUES('CIRC_RES_RSCB','RSCB_DOR',NULL,'DATE',NULL,NULL,NULL,NULL,'2025-10-22','9999-12-31',USER, CURRENT_TIMESTAMP(0));
A36: =ETLMetadata!$C36 -> CIRC_RES_RSCB | B36: =ETLMetadata!$E36 -> RSCB_DOR_ORIG | C36: =IF(ISBLANK(ETLMetadata!$J36), "", ETLMetadata!$J36) | D36: =ETLMetadata!$G36 -> INTEGER | G36: =UPPER($F36) | J36: 45952 | K36: 2958465 | L36: =CONCATENATE("INSERT INTO metadata_reference.file_schema VALUES('",TRIM(A36),"','",TRIM(B36),"',",IF(TRIM(C36)="","NULL","'"&TRIM(C36)&"'"),",'",TRIM(D36),"',",IF(TRIM(E36)="","NULL","'"&TRIM(E36)&"'"),",",IF(TRIM(G36)="","NULL","'"&TRIM(G36)&"'"),",",IF(TRIM(H36)="","NULL","'"&TRIM(H36)&"'"),",", IF(TRIM(I36)="","NULL",TRIM(I36)),",",IF(TRIM(J36)="","NULL","'"&TEXT(J36,"yyyy-mm-dd")&"'"),",",IF(TRIM(K36)="","NULL","'"&TEXT(K36,"yyyy-mm-dd")&"'"),",","USER, CURRENT_TIMESTAMP(0));") -> INSERT INTO metadata_reference.file_schema VALUES('CIRC_RES_RSCB','RSCB_DOR_ORIG',NULL,'INTEGER',NULL,NULL,NULL,NULL,'2025-10-22','9999-12-31',USER, CURRENT_TIMESTAMP(0));
A37: =ETLMetadata!$C37 -> CIRC_RES_RSCB | B37: =ETLMetadata!$E37 -> PROCESSING_SEQUENCE | C37: =IF(ISBLANK(ETLMetadata!$J37), "", ETLMetadata!$J37) -> Y | D37: =ETLMetadata!$G37 -> SMALLINT | G37: =UPPER($F37) | J37: 45952 | K37: 2958465 | L37: =CONCATENATE("INSERT INTO metadata_reference.file_schema VALUES('",TRIM(A37),"','",TRIM(B37),"',",IF(TRIM(C37)="","NULL","'"&TRIM(C37)&"'"),",'",TRIM(D37),"',",IF(TRIM(E37)="","NULL","'"&TRIM(E37)&"'"),",",IF(TRIM(G37)="","NULL","'"&TRIM(G37)&"'"),",",IF(TRIM(H37)="","NULL","'"&TRIM(H37)&"'"),",", IF(TRIM(I37)="","NULL",TRIM(I37)),",",IF(TRIM(J37)="","NULL","'"&TEXT(J37,"yyyy-mm-dd")&"'"),",",IF(TRIM(K37)="","NULL","'"&TEXT(K37,"yyyy-mm-dd")&"'"),",","USER, CURRENT_TIMESTAMP(0));") -> INSERT INTO metadata_reference.file_schema VALUES('CIRC_RES_RSCB','PROCESSING_SEQUENCE','Y','SMALLINT',NULL,NULL,NULL,NULL,'2025-10-22','9999-12-31',USER, CURRENT_TIMESTAMP(0));
A38: =ETLMetadata!$C38 -> CIRC_RES_RSCB | B38: =ETLMetadata!$E38 -> RSCB_AMR_1 | C38: =IF(ISBLANK(ETLMetadata!$J38), "", ETLMetadata!$J38) | D38: =ETLMetadata!$G38 -> CHAR(4) | G38: =UPPER($F38) | J38: 45952 | K38: 2958465 | L38: =CONCATENATE("INSERT INTO metadata_reference.file_schema VALUES('",TRIM(A38),"','",TRIM(B38),"',",IF(TRIM(C38)="","NULL","'"&TRIM(C38)&"'"),",'",TRIM(D38),"',",IF(TRIM(E38)="","NULL","'"&TRIM(E38)&"'"),",",IF(TRIM(G38)="","NULL","'"&TRIM(G38)&"'"),",",IF(TRIM(H38)="","NULL","'"&TRIM(H38)&"'"),",", IF(TRIM(I38)="","NULL",TRIM(I38)),",",IF(TRIM(J38)="","NULL","'"&TEXT(J38,"yyyy-mm-dd")&"'"),",",IF(TRIM(K38)="","NULL","'"&TEXT(K38,"yyyy-mm-dd")&"'"),",","USER, CURRENT_TIMESTAMP(0));") -> INSERT INTO metadata_reference.file_schema VALUES('CIRC_RES_RSCB','RSCB_AMR_1',NULL,'CHAR(4)',NULL,NULL,NULL,NULL,'2025-10-22','9999-12-31',USER, CURRENT_TIMESTAMP(0));
A39: =ETLMetadata!$C39 -> CIRC_RES_RSCB | B39: =ETLMetadata!$E39 -> RSCB_AMR_2 | C39: =IF(ISBLANK(ETLMetadata!$J39), "", ETLMetadata!$J39) | D39: =ETLMetadata!$G39 -> CHAR(1) | G39: =UPPER($F39) | J39: 45952 | K39: 2958465 | L39: =CONCATENATE("INSERT INTO metadata_reference.file_schema VALUES('",TRIM(A39),"','",TRIM(B39),"',",IF(TRIM(C39)="","NULL","'"&TRIM(C39)&"'"),",'",TRIM(D39),"',",IF(TRIM(E39)="","NULL","'"&TRIM(E39)&"'"),",",IF(TRIM(G39)="","NULL","'"&TRIM(G39)&"'"),",",IF(TRIM(H39)="","NULL","'"&TRIM(H39)&"'"),",", IF(TRIM(I39)="","NULL",TRIM(I39)),",",IF(TRIM(J39)="","NULL","'"&TEXT(J39,"yyyy-mm-dd")&"'"),",",IF(TRIM(K39)="","NULL","'"&TEXT(K39,"yyyy-mm-dd")&"'"),",","USER, CURRENT_TIMESTAMP(0));") -> INSERT INTO metadata_reference.file_schema VALUES('CIRC_RES_RSCB','RSCB_AMR_2',NULL,'CHAR(1)',NULL,NULL,NULL,NULL,'2025-10-22','9999-12-31',USER, CURRENT_TIMESTAMP(0));
A40: =ETLMetadata!$C40 -> CIRC_RES_RSCB | B40: =ETLMetadata!$E40 -> RSCB_AMR_3 | C40: =IF(ISBLANK(ETLMetadata!$J40), "", ETLMetadata!$J40) | D40: =ETLMetadata!$G40 -> CHAR(4) | G40: =UPPER($F40) | J40: 45952 | K40: 2958465 | L40: =CONCATENATE("INSERT INTO metadata_reference.file_schema VALUES('",TRIM(A40),"','",TRIM(B40),"',",IF(TRIM(C40)="","NULL","'"&TRIM(C40)&"'"),",'",TRIM(D40),"',",IF(TRIM(E40)="","NULL","'"&TRIM(E40)&"'"),",",IF(TRIM(G40)="","NULL","'"&TRIM(G40)&"'"),",",IF(TRIM(H40)="","NULL","'"&TRIM(H40)&"'"),",", IF(TRIM(I40)="","NULL",TRIM(I40)),",",IF(TRIM(J40)="","NULL","'"&TEXT(J40,"yyyy-mm-dd")&"'"),",",IF(TRIM(K40)="","NULL","'"&TEXT(K40,"yyyy-mm-dd")&"'"),",","USER, CURRENT_TIMESTAMP(0));") -> INSERT INTO metadata_reference.file_schema VALUES('CIRC_RES_RSCB','RSCB_AMR_3',NULL,'CHAR(4)',NULL,NULL,NULL,NULL,'2025-10-22','9999-12-31',USER, CURRENT_TIMESTAMP(0));
A41: =ETLMetadata!$C41 -> CIRC_RES_RSCB | B41: =ETLMetadata!$E41 -> RSCB_BIRTH_CTRY_CODE | C41: =IF(ISBLANK(ETLMetadata!$J41), "", ETLMetadata!$J41) | D41: =ETLMetadata!$G41 -> CHAR(2) | G41: =UPPER($F41) | J41: 45952 | K41: 2958465 | L41: =CONCATENATE("INSERT INTO metadata_reference.file_schema VALUES('",TRIM(A41),"','",TRIM(B41),"',",IF(TRIM(C41)="","NULL","'"&TRIM(C41)&"'"),",'",TRIM(D41),"',",IF(TRIM(E41)="","NULL","'"&TRIM(E41)&"'"),",",IF(TRIM(G41)="","NULL","'"&TRIM(G41)&"'"),",",IF(TRIM(H41)="","NULL","'"&TRIM(H41)&"'"),",", IF(TRIM(I41)="","NULL",TRIM(I41)),",",IF(TRIM(J41)="","NULL","'"&TEXT(J41,"yyyy-mm-dd")&"'"),",",IF(TRIM(K41)="","NULL","'"&TEXT(K41,"yyyy-mm-dd")&"'"),",","USER, CURRENT_TIMESTAMP(0));") -> INSERT INTO metadata_reference.file_schema VALUES('CIRC_RES_RSCB','RSCB_BIRTH_CTRY_CODE',NULL,'CHAR(2)',NULL,NULL,NULL,NULL,'2025-10-22','9999-12-31',USER, CURRENT_TIMESTAMP(0));
A42: =ETLMetadata!$C42 -> CIRC_RES_RSCB | B42: =ETLMetadata!$E42 -> RSCB_CHNL_CODE | C42: =IF(ISBLANK(ETLMetadata!$J42), "", ETLMetadata!$J42) | D42: =ETLMetadata!$G42 -> CHAR(3) | G42: =UPPER($F42) | J42: 45952 | K42: 2958465 | L42: =CONCATENATE("INSERT INTO metadata_reference.file_schema VALUES('",TRIM(A42),"','",TRIM(B42),"',",IF(TRIM(C42)="","NULL","'"&TRIM(C42)&"'"),",'",TRIM(D42),"',",IF(TRIM(E42)="","NULL","'"&TRIM(E42)&"'"),",",IF(TRIM(G42)="","NULL","'"&TRIM(G42)&"'"),",",IF(TRIM(H42)="","NULL","'"&TRIM(H42)&"'"),",", IF(TRIM(I42)="","NULL",TRIM(I42)),",",IF(TRIM(J42)="","NULL","'"&TEXT(J42,"yyyy-mm-dd")&"'"),",",IF(TRIM(K42)="","NULL","'"&TEXT(K42,"yyyy-mm-dd")&"'"),",","USER, CURRENT_TIMESTAMP(0));") -> INSERT INTO metadata_reference.file_schema VALUES('CIRC_RES_RSCB','RSCB_CHNL_CODE',NULL,'CHAR(3)',NULL,NULL,NULL,NULL,'2025-10-22','9999-12-31',USER, CURRENT_TIMESTAMP(0));
A43: =ETLMetadata!$C43 -> CIRC_RES_RSCB | B43: =ETLMetadata!$E43 -> AMR1_RISL_DTS | C43: =IF(ISBLANK(ETLMetadata!$J43), "", ETLMetadata!$J43) | D43: =ETLMetadata!$G43 -> TIMESTAMP(6) | G43: =UPPER($F43) | J43: 45952 | K43: 2958465 | L43: =CONCATENATE("INSERT INTO metadata_reference.file_schema VALUES('",TRIM(A43),"','",TRIM(B43),"',",IF(TRIM(C43)="","NULL","'"&TRIM(C43)&"'"),",'",TRIM(D43),"',",IF(TRIM(E43)="","NULL","'"&TRIM(E43)&"'"),",",IF(TRIM(G43)="","NULL","'"&TRIM(G43)&"'"),",",IF(TRIM(H43)="","NULL","'"&TRIM(H43)&"'"),",", IF(TRIM(I43)="","NULL",TRIM(I43)),",",IF(TRIM(J43)="","NULL","'"&TEXT(J43,"yyyy-mm-dd")&"'"),",",IF(TRIM(K43)="","NULL","'"&TEXT(K43,"yyyy-mm-dd")&"'"),",","USER, CURRENT_TIMESTAMP(0));") -> INSERT INTO metadata_reference.file_schema VALUES('CIRC_RES_RSCB','AMR1_RISL_DTS',NULL,'TIMESTAMP(6)',NULL,NULL,NULL,NULL,'2025-10-22','9999-12-31',USER, CURRENT_TIMESTAMP(0));
A44: =ETLMetadata!$C44 -> CIRC_RES_RSCB | B44: =ETLMetadata!$E44 -> AMR3_RISL_DTS | C44: =IF(ISBLANK(ETLMetadata!$J44), "", ETLMetadata!$J44) | D44: =ETLMetadata!$G44 -> TIMESTAMP(6) | G44: =UPPER($F44) | J44: 45952 | K44: 2958465 | L44: =CONCATENATE("INSERT INTO metadata_reference.file_schema VALUES('",TRIM(A44),"','",TRIM(B44),"',",IF(TRIM(C44)="","NULL","'"&TRIM(C44)&"'"),",'",TRIM(D44),"',",IF(TRIM(E44)="","NULL","'"&TRIM(E44)&"'"),",",IF(TRIM(G44)="","NULL","'"&TRIM(G44)&"'"),",",IF(TRIM(H44)="","NULL","'"&TRIM(H44)&"'"),",", IF(TRIM(I44)="","NULL",TRIM(I44)),",",IF(TRIM(J44)="","NULL","'"&TEXT(J44,"yyyy-mm-dd")&"'"),",",IF(TRIM(K44)="","NULL","'"&TEXT(K44,"yyyy-mm-dd")&"'"),",","USER, CURRENT_TIMESTAMP(0));") -> INSERT INTO metadata_reference.file_schema VALUES('CIRC_RES_RSCB','AMR3_RISL_DTS',NULL,'TIMESTAMP(6)',NULL,NULL,NULL,NULL,'2025-10-22','9999-12-31',USER, CURRENT_TIMESTAMP(0));
A45: =ETLMetadata!$C45 -> CIRC_RES_RSCB | B45: =ETLMetadata!$E45 -> PARTY_ROLE_ID | C45: =IF(ISBLANK(ETLMetadata!$J45), "", ETLMetadata!$J45) | D45: =ETLMetadata!$G45 -> INTEGER | G45: =UPPER($F45) | J45: 45952 | K45: 2958465 | L45: =CONCATENATE("INSERT INTO metadata_reference.file_schema VALUES('",TRIM(A45),"','",TRIM(B45),"',",IF(TRIM(C45)="","NULL","'"&TRIM(C45)&"'"),",'",TRIM(D45),"',",IF(TRIM(E45)="","NULL","'"&TRIM(E45)&"'"),",",IF(TRIM(G45)="","NULL","'"&TRIM(G45)&"'"),",",IF(TRIM(H45)="","NULL","'"&TRIM(H45)&"'"),",", IF(TRIM(I45)="","NULL",TRIM(I45)),",",IF(TRIM(J45)="","NULL","'"&TEXT(J45,"yyyy-mm-dd")&"'"),",",IF(TRIM(K45)="","NULL","'"&TEXT(K45,"yyyy-mm-dd")&"'"),",","USER, CURRENT_TIMESTAMP(0));") -> INSERT INTO metadata_reference.file_schema VALUES('CIRC_RES_RSCB','PARTY_ROLE_ID',NULL,'INTEGER',NULL,NULL,NULL,NULL,'2025-10-22','9999-12-31',USER, CURRENT_TIMESTAMP(0));
A46: =ETLMetadata!$C46 -> CIRC_RES_RSCB | B46: =ETLMetadata!$E46 -> ERROR_COUNT | C46: =IF(ISBLANK(ETLMetadata!$J46), "", ETLMetadata!$J46) | D46: =ETLMetadata!$G46 -> SMALLINT | G46: =UPPER($F46) | J46: 45952 | K46: 2958465 | L46: =CONCATENATE("INSERT INTO metadata_reference.file_schema VALUES('",TRIM(A46),"','",TRIM(B46),"',",IF(TRIM(C46)="","NULL","'"&TRIM(C46)&"'"),",'",TRIM(D46),"',",IF(TRIM(E46)="","NULL","'"&TRIM(E46)&"'"),",",IF(TRIM(G46)="","NULL","'"&TRIM(G46)&"'"),",",IF(TRIM(H46)="","NULL","'"&TRIM(H46)&"'"),",", IF(TRIM(I46)="","NULL",TRIM(I46)),",",IF(TRIM(J46)="","NULL","'"&TEXT(J46,"yyyy-mm-dd")&"'"),",",IF(TRIM(K46)="","NULL","'"&TEXT(K46,"yyyy-mm-dd")&"'"),",","USER, CURRENT_TIMESTAMP(0));") -> INSERT INTO metadata_reference.file_schema VALUES('CIRC_RES_RSCB','ERROR_COUNT',NULL,'SMALLINT',NULL,NULL,NULL,NULL,'2025-10-22','9999-12-31',USER, CURRENT_TIMESTAMP(0));
... A52: =ETLMetadata!$C52 -> CIRC_RES_RSCV | B52: =ETLMetadata!$E52 -> ENVIRONMENT_ID | C52: =IF(ISBLANK(ETLMetadata!$J52), "", ETLMetadata!$J52) -> Y | D52: =ETLMetadata!$G52 -> CHAR(1) | G52: =UPPER($F52) | J52: 45952 | K52: 2958465 | L52: =CONCATENATE("INSERT INTO metadata_reference.file_schema VALUES('",TRIM(A52),"','",TRIM(B52),"',",IF(TRIM(C52)="","NULL","'"&TRIM(C52)&"'"),",'",TRIM(D52),"',",IF(TRIM(E52)="","NULL","'"&TRIM(E52)&"'"),",",IF(TRIM(G52)="","NULL","'"&TRIM(G52)&"'"),",",IF(TRIM(H52)="","NULL","'"&TRIM(H52)&"'"),",", IF(TRIM(I52)="","NULL",TRIM(I52)),",",IF(TRIM(J52)="","NULL","'"&TEXT(J52,"yyyy-mm-dd")&"'"),",",IF(TRIM(K52)="","NULL","'"&TEXT(K52,"yyyy-mm-dd")&"'"),",","USER, CURRENT_TIMESTAMP(0));") -> INSERT INTO metadata_reference.file_schema VALUES('CIRC_RES_RSCV','ENVIRONMENT_ID','Y','CHAR(1)',NULL,NULL,NULL,NULL,'2025-10-22','9999-12-31',USER, CURRENT_TIMESTAMP(0));
A53: =ETLMetadata!$C53 -> CIRC_RES_RSCV | B53: =ETLMetadata!$E53 -> PERSON_ID | C53: =IF(ISBLANK(ETLMetadata!$J53), "", ETLMetadata!$J53) -> Y | D53: =ETLMetadata!$G53 -> INTEGER | F53: Personal_IdentityInfoIndirect | G53: =UPPER($F53) -> PERSONAL_IDENTITYINFOINDIRECT | J53: 45952 | K53: 2958465 | L53: =CONCATENATE("INSERT INTO metadata_reference.file_schema VALUES('",TRIM(A53),"','",TRIM(B53),"',",IF(TRIM(C53)="","NULL","'"&TRIM(C53)&"'"),",'",TRIM(D53),"',",IF(TRIM(E53)="","NULL","'"&TRIM(E53)&"'"),",",IF(TRIM(G53)="","NULL","'"&TRIM(G53)&"'"),",",IF(TRIM(H53)="","NULL","'"&TRIM(H53)&"'"),",", IF(TRIM(I53)="","NULL",TRIM(I53)),",",IF(TRIM(J53)="","NULL","'"&TEXT(J53,"yyyy-mm-dd")&"'"),",",IF(TRIM(K53)="","NULL","'"&TEXT(K53,"yyyy-mm-dd")&"'"),",","USER, CURRENT_TIMESTAMP(0));") -> INSERT INTO metadata_reference.file_schema VALUES('CIRC_RES_RSCV','PERSON_ID','Y','INTEGER',NULL,'PERSONAL_IDENTITYINFOINDIRECT',NULL,NULL,'2025-10-22','9999-12-31',USER, CURRENT_TIMESTAMP(0));
A54: =ETLMetadata!$C54 -> CIRC_RES_RSCV | B54: =ETLMetadata!$E54 -> RSCV_DOV | C54: =IF(ISBLANK(ETLMetadata!$J54), "", ETLMetadata!$J54) | D54: =ETLMetadata!$G54 -> DATE | G54: =UPPER($F54) | J54: 45952 | K54: 2958465 | L54: =CONCATENATE("INSERT INTO metadata_reference.file_schema VALUES('",TRIM(A54),"','",TRIM(B54),"',",IF(TRIM(C54)="","NULL","'"&TRIM(C54)&"'"),",'",TRIM(D54),"',",IF(TRIM(E54)="","NULL","'"&TRIM(E54)&"'"),",",IF(TRIM(G54)="","NULL","'"&TRIM(G54)&"'"),",",IF(TRIM(H54)="","NULL","'"&TRIM(H54)&"'"),",", IF(TRIM(I54)="","NULL",TRIM(I54)),",",IF(TRIM(J54)="","NULL","'"&TEXT(J54,"yyyy-mm-dd")&"'"),",",IF(TRIM(K54)="","NULL","'"&TEXT(K54,"yyyy-mm-dd")&"'"),",","USER, CURRENT_TIMESTAMP(0));") -> INSERT INTO metadata_reference.file_schema VALUES('CIRC_RES_RSCV','RSCV_DOV',NULL,'DATE',NULL,NULL,NULL,NULL,'2025-10-22','9999-12-31',USER, CURRENT_TIMESTAMP(0));
A55: =ETLMetadata!$C55 -> CIRC_RES_RSCV | B55: =ETLMetadata!$E55 -> RSCV_DOV_ORIG | C55: =IF(ISBLANK(ETLMetadata!$J55), "", ETLMetadata!$J55) | D55: =ETLMetadata!$G55 -> INTEGER | G55: =UPPER($F55) | J55: 45952 | K55: 2958465 | L55: =CONCATENATE("INSERT INTO metadata_reference.file_schema VALUES('",TRIM(A55),"','",TRIM(B55),"',",IF(TRIM(C55)="","NULL","'"&TRIM(C55)&"'"),",'",TRIM(D55),"',",IF(TRIM(E55)="","NULL","'"&TRIM(E55)&"'"),",",IF(TRIM(G55)="","NULL","'"&TRIM(G55)&"'"),",",IF(TRIM(H55)="","NULL","'"&TRIM(H55)&"'"),",", IF(TRIM(I55)="","NULL",TRIM(I55)),",",IF(TRIM(J55)="","NULL","'"&TEXT(J55,"yyyy-mm-dd")&"'"),",",IF(TRIM(K55)="","NULL","'"&TEXT(K55,"yyyy-mm-dd")&"'"),",","USER, CURRENT_TIMESTAMP(0));") -> INSERT INTO metadata_reference.file_schema VALUES('CIRC_RES_RSCV','RSCV_DOV_ORIG',NULL,'INTEGER',NULL,NULL,NULL,NULL,'2025-10-22','9999-12-31',USER, CURRENT_TIMESTAMP(0));
A56: =ETLMetadata!$C56 -> CIRC_RES_RSCV | B56: =ETLMetadata!$E56 -> PROCESSING_SEQUENCE | C56: =IF(ISBLANK(ETLMetadata!$J56), "", ETLMetadata!$J56) -> Y | D56: =ETLMetadata!$G56 -> SMALLINT | G56: =UPPER($F56) | J56: 45952 | K56: 2958465 | L56: =CONCATENATE("INSERT INTO metadata_reference.file_schema VALUES('",TRIM(A56),"','",TRIM(B56),"',",IF(TRIM(C56)="","NULL","'"&TRIM(C56)&"'"),",'",TRIM(D56),"',",IF(TRIM(E56)="","NULL","'"&TRIM(E56)&"'"),",",IF(TRIM(G56)="","NULL","'"&TRIM(G56)&"'"),",",IF(TRIM(H56)="","NULL","'"&TRIM(H56)&"'"),",", IF(TRIM(I56)="","NULL",TRIM(I56)),",",IF(TRIM(J56)="","NULL","'"&TEXT(J56,"yyyy-mm-dd")&"'"),",",IF(TRIM(K56)="","NULL","'"&TEXT(K56,"yyyy-mm-dd")&"'"),",","USER, CURRENT_TIMESTAMP(0));") -> INSERT INTO metadata_reference.file_schema VALUES('CIRC_RES_RSCV','PROCESSING_SEQUENCE','Y','SMALLINT',NULL,NULL,NULL,NULL,'2025-10-22','9999-12-31',USER, CURRENT_TIMESTAMP(0));
A57: =ETLMetadata!$C57 -> CIRC_RES_RSCV | B57: =ETLMetadata!$E57 -> RSCV_AMR_1 | C57: =IF(ISBLANK(ETLMetadata!$J57), "", ETLMetadata!$J57) | D57: =ETLMetadata!$G57 -> CHAR(4) | G57: =UPPER($F57) | J57: 45952 | K57: 2958465 | L57: =CONCATENATE("INSERT INTO metadata_reference.file_schema VALUES('",TRIM(A57),"','",TRIM(B57),"',",IF(TRIM(C57)="","NULL","'"&TRIM(C57)&"'"),",'",TRIM(D57),"',",IF(TRIM(E57)="","NULL","'"&TRIM(E57)&"'"),",",IF(TRIM(G57)="","NULL","'"&TRIM(G57)&"'"),",",IF(TRIM(H57)="","NULL","'"&TRIM(H57)&"'"),",", IF(TRIM(I57)="","NULL",TRIM(I57)),",",IF(TRIM(J57)="","NULL","'"&TEXT(J57,"yyyy-mm-dd")&"'"),",",IF(TRIM(K57)="","NULL","'"&TEXT(K57,"yyyy-mm-dd")&"'"),",","USER, CURRENT_TIMESTAMP(0));") -> INSERT INTO metadata_reference.file_schema VALUES('CIRC_RES_RSCV','RSCV_AMR_1',NULL,'CHAR(4)',NULL,NULL,NULL,NULL,'2025-10-22','9999-12-31',USER, CURRENT_TIMESTAMP(0));
A58: =ETLMetadata!$C58 -> CIRC_RES_RSCV | B58: =ETLMetadata!$E58 -> RSCV_AMR_2 | C58: =IF(ISBLANK(ETLMetadata!$J58), "", ETLMetadata!$J58) | D58: =ETLMetadata!$G58 -> CHAR(1) | G58: =UPPER($F58) | J58: 45952 | K58: 2958465 | L58: =CONCATENATE("INSERT INTO metadata_reference.file_schema VALUES('",TRIM(A58),"','",TRIM(B58),"',",IF(TRIM(C58)="","NULL","'"&TRIM(C58)&"'"),",'",TRIM(D58),"',",IF(TRIM(E58)="","NULL","'"&TRIM(E58)&"'"),",",IF(TRIM(G58)="","NULL","'"&TRIM(G58)&"'"),",",IF(TRIM(H58)="","NULL","'"&TRIM(H58)&"'"),",", IF(TRIM(I58)="","NULL",TRIM(I58)),",",IF(TRIM(J58)="","NULL","'"&TEXT(J58,"yyyy-mm-dd")&"'"),",",IF(TRIM(K58)="","NULL","'"&TEXT(K58,"yyyy-mm-dd")&"'"),",","USER, CURRENT_TIMESTAMP(0));") -> INSERT INTO metadata_reference.file_schema VALUES('CIRC_RES_RSCV','RSCV_AMR_2',NULL,'CHAR(1)',NULL,NULL,NULL,NULL,'2025-10-22','9999-12-31',USER, CURRENT_TIMESTAMP(0));
A59: =ETLMetadata!$C59 -> CIRC_RES_RSCV | B59: =ETLMetadata!$E59 -> RSCV_AMR_3 | C59: =IF(ISBLANK(ETLMetadata!$J59), "", ETLMetadata!$J59) | D59: =ETLMetadata!$G59 -> CHAR(4) | G59: =UPPER($F59) | J59: 45952 | K59: 2958465 | L59: =CONCATENATE("INSERT INTO metadata_reference.file_schema VALUES('",TRIM(A59),"','",TRIM(B59),"',",IF(TRIM(C59)="","NULL","'"&TRIM(C59)&"'"),",'",TRIM(D59),"',",IF(TRIM(E59)="","NULL","'"&TRIM(E59)&"'"),",",IF(TRIM(G59)="","NULL","'"&TRIM(G59)&"'"),",",IF(TRIM(H59)="","NULL","'"&TRIM(H59)&"'"),",", IF(TRIM(I59)="","NULL",TRIM(I59)),",",IF(TRIM(J59)="","NULL","'"&TEXT(J59,"yyyy-mm-dd")&"'"),",",IF(TRIM(K59)="","NULL","'"&TEXT(K59,"yyyy-mm-dd")&"'"),",","USER, CURRENT_TIMESTAMP(0));") -> INSERT INTO metadata_reference.file_schema VALUES('CIRC_RES_RSCV','RSCV_AMR_3',NULL,'CHAR(4)',NULL,NULL,NULL,NULL,'2025-10-22','9999-12-31',USER, CURRENT_TIMESTAMP(0));
A60: =ETLMetadata!$C60 -> CIRC_RES_RSCV | B60: =ETLMetadata!$E60 -> RSCV_AUST_CTZN_VLD_IND | C60: =IF(ISBLANK(ETLMetadata!$J60), "", ETLMetadata!$J60) | D60: =ETLMetadata!$G60 -> CHAR(1) | G60: =UPPER($F60) | J60: 45952 | K60: 2958465 | L60: =CONCATENATE("INSERT INTO metadata_reference.file_schema VALUES('",TRIM(A60),"','",TRIM(B60),"',",IF(TRIM(C60)="","NULL","'"&TRIM(C60)&"'"),",'",TRIM(D60),"',",IF(TRIM(E60)="","NULL","'"&TRIM(E60)&"'"),",",IF(TRIM(G60)="","NULL","'"&TRIM(G60)&"'"),",",IF(TRIM(H60)="","NULL","'"&TRIM(H60)&"'"),",", IF(TRIM(I60)="","NULL",TRIM(I60)),",",IF(TRIM(J60)="","NULL","'"&TEXT(J60,"yyyy-mm-dd")&"'"),",",IF(TRIM(K60)="","NULL","'"&TEXT(K60,"yyyy-mm-dd")&"'"),",","USER, CURRENT_TIMESTAMP(0));") -> INSERT INTO metadata_reference.file_schema VALUES('CIRC_RES_RSCV','RSCV_AUST_CTZN_VLD_IND',NULL,'CHAR(1)',NULL,NULL,NULL,NULL,'2025-10-22','9999-12-31',USER, CURRENT_TIMESTAMP(0));
A61: =ETLMetadata!$C61 -> CIRC_RES_RSCV | B61: =ETLMetadata!$E61 -> PARTY_ROLE_ID | C61: =IF(ISBLANK(ETLMetadata!$J61), "", ETLMetadata!$J61) | D61: =ETLMetadata!$G61 -> INTEGER | G61: =UPPER($F61) | J61: 45952 | K61: 2958465 | L61: =CONCATENATE("INSERT INTO metadata_reference.file_schema VALUES('",TRIM(A61),"','",TRIM(B61),"',",IF(TRIM(C61)="","NULL","'"&TRIM(C61)&"'"),",'",TRIM(D61),"',",IF(TRIM(E61)="","NULL","'"&TRIM(E61)&"'"),",",IF(TRIM(G61)="","NULL","'"&TRIM(G61)&"'"),",",IF(TRIM(H61)="","NULL","'"&TRIM(H61)&"'"),",", IF(TRIM(I61)="","NULL",TRIM(I61)),",",IF(TRIM(J61)="","NULL","'"&TEXT(J61,"yyyy-mm-dd")&"'"),",",IF(TRIM(K61)="","NULL","'"&TEXT(K61,"yyyy-mm-dd")&"'"),",","USER, CURRENT_TIMESTAMP(0));") -> INSERT INTO metadata_reference.file_schema VALUES('CIRC_RES_RSCV','PARTY_ROLE_ID',NULL,'INTEGER',NULL,NULL,NULL,NULL,'2025-10-22','9999-12-31',USER, CURRENT_TIMESTAMP(0));
A62: =ETLMetadata!$C62 -> CIRC_RES_RSCV | B62: =ETLMetadata!$E62 -> AMR1_RISL_DTS | C62: =IF(ISBLANK(ETLMetadata!$J62), "", ETLMetadata!$J62) | D62: =ETLMetadata!$G62 -> TIMESTAMP(6) | G62: =UPPER($F62) | J62: 45952 | K62: 2958465 | L62: =CONCATENATE("INSERT INTO metadata_reference.file_schema VALUES('",TRIM(A62),"','",TRIM(B62),"',",IF(TRIM(C62)="","NULL","'"&TRIM(C62)&"'"),",'",TRIM(D62),"',",IF(TRIM(E62)="","NULL","'"&TRIM(E62)&"'"),",",IF(TRIM(G62)="","NULL","'"&TRIM(G62)&"'"),",",IF(TRIM(H62)="","NULL","'"&TRIM(H62)&"'"),",", IF(TRIM(I62)="","NULL",TRIM(I62)),",",IF(TRIM(J62)="","NULL","'"&TEXT(J62,"yyyy-mm-dd")&"'"),",",IF(TRIM(K62)="","NULL","'"&TEXT(K62,"yyyy-mm-dd")&"'"),",","USER, CURRENT_TIMESTAMP(0));") -> INSERT INTO metadata_reference.file_schema VALUES('CIRC_RES_RSCV','AMR1_RISL_DTS',NULL,'TIMESTAMP(6)',NULL,NULL,NULL,NULL,'2025-10-22','9999-12-31',USER, CURRENT_TIMESTAMP(0));
A63: =ETLMetadata!$C63 -> CIRC_RES_RSCV | B63: =ETLMetadata!$E63 -> AMR3_RISL_DTS | C63: =IF(ISBLANK(ETLMetadata!$J63), "", ETLMetadata!$J63) | D63: =ETLMetadata!$G63 -> TIMESTAMP(6) | G63: =UPPER($F63) | J63: 45952 | K63: 2958465 | L63: =CONCATENATE("INSERT INTO metadata_reference.file_schema VALUES('",TRIM(A63),"','",TRIM(B63),"',",IF(TRIM(C63)="","NULL","'"&TRIM(C63)&"'"),",'",TRIM(D63),"',",IF(TRIM(E63)="","NULL","'"&TRIM(E63)&"'"),",",IF(TRIM(G63)="","NULL","'"&TRIM(G63)&"'"),",",IF(TRIM(H63)="","NULL","'"&TRIM(H63)&"'"),",", IF(TRIM(I63)="","NULL",TRIM(I63)),",",IF(TRIM(J63)="","NULL","'"&TEXT(J63,"yyyy-mm-dd")&"'"),",",IF(TRIM(K63)="","NULL","'"&TEXT(K63,"yyyy-mm-dd")&"'"),",","USER, CURRENT_TIMESTAMP(0));") -> INSERT INTO metadata_reference.file_schema VALUES('CIRC_RES_RSCV','AMR3_RISL_DTS',NULL,'TIMESTAMP(6)',NULL,NULL,NULL,NULL,'2025-10-22','9999-12-31',USER, CURRENT_TIMESTAMP(0));
A64: =ETLMetadata!$C64 -> CIRC_RES_RSCV | B64: =ETLMetadata!$E64 -> ERROR_COUNT | C64: =IF(ISBLANK(ETLMetadata!$J64), "", ETLMetadata!$J64) | D64: =ETLMetadata!$G64 -> SMALLINT | G64: =UPPER($F64) | J64: 45952 | K64: 2958465 | L64: =CONCATENATE("INSERT INTO metadata_reference.file_schema VALUES('",TRIM(A64),"','",TRIM(B64),"',",IF(TRIM(C64)="","NULL","'"&TRIM(C64)&"'"),",'",TRIM(D64),"',",IF(TRIM(E64)="","NULL","'"&TRIM(E64)&"'"),",",IF(TRIM(G64)="","NULL","'"&TRIM(G64)&"'"),",",IF(TRIM(H64)="","NULL","'"&TRIM(H64)&"'"),",", IF(TRIM(I64)="","NULL",TRIM(I64)),",",IF(TRIM(J64)="","NULL","'"&TEXT(J64,"yyyy-mm-dd")&"'"),",",IF(TRIM(K64)="","NULL","'"&TEXT(K64,"yyyy-mm-dd")&"'"),",","USER, CURRENT_TIMESTAMP(0));") -> INSERT INTO metadata_reference.file_schema VALUES('CIRC_RES_RSCV','ERROR_COUNT',NULL,'SMALLINT',NULL,NULL,NULL,NULL,'2025-10-22','9999-12-31',USER, CURRENT_TIMESTAMP(0));
A65: =ETLMetadata!$C65 -> CIRC_RES_RSCV | B65: =ETLMetadata!$E65 -> Start_Date | C65: =IF(ISBLANK(ETLMetadata!$J65), "", ETLMetadata!$J65) | D65: =ETLMetadata!$G65 -> DATE | G65: =UPPER($F65) | J65: 45952 | K65: 2958465 | L65: =CONCATENATE("INSERT INTO metadata_reference.file_schema VALUES('",TRIM(A65),"','",TRIM(B65),"',",IF(TRIM(C65)="","NULL","'"&TRIM(C65)&"'"),",'",TRIM(D65),"',",IF(TRIM(E65)="","NULL","'"&TRIM(E65)&"'"),",",IF(TRIM(G65)="","NULL","'"&TRIM(G65)&"'"),",",IF(TRIM(H65)="","NULL","'"&TRIM(H65)&"'"),",", IF(TRIM(I65)="","NULL",TRIM(I65)),",",IF(TRIM(J65)="","NULL","'"&TEXT(J65,"yyyy-mm-dd")&"'"),",",IF(TRIM(K65)="","NULL","'"&TEXT(K65,"yyyy-mm-dd")&"'"),",","USER, CURRENT_TIMESTAMP(0));") -> INSERT INTO metadata_reference.file_schema VALUES('CIRC_RES_RSCV','Start_Date',NULL,'DATE',NULL,NULL,NULL,NULL,'2025-10-22','9999-12-31',USER, CURRENT_TIMESTAMP(0));
... A70: =ETLMetadata!$C70 -> CIRC_RES_RSEV | B70: =ETLMetadata!$E70 -> ENVIRONMENT_ID | C70: =IF(ISBLANK(ETLMetadata!$J70), "", ETLMetadata!$J70) -> Y | D70: =ETLMetadata!$G70 -> CHAR(1) | G70: =UPPER($F70) | J70: 45952 | K70: 2958465 | L70: =CONCATENATE("INSERT INTO metadata_reference.file_schema VALUES('",TRIM(A70),"','",TRIM(B70),"',",IF(TRIM(C70)="","NULL","'"&TRIM(C70)&"'"),",'",TRIM(D70),"',",IF(TRIM(E70)="","NULL","'"&TRIM(E70)&"'"),",",IF(TRIM(G70)="","NULL","'"&TRIM(G70)&"'"),",",IF(TRIM(H70)="","NULL","'"&TRIM(H70)&"'"),",", IF(TRIM(I70)="","NULL",TRIM(I70)),",",IF(TRIM(J70)="","NULL","'"&TEXT(J70,"yyyy-mm-dd")&"'"),",",IF(TRIM(K70)="","NULL","'"&TEXT(K70,"yyyy-mm-dd")&"'"),",","USER, CURRENT_TIMESTAMP(0));") -> INSERT INTO metadata_reference.file_schema VALUES('CIRC_RES_RSEV','ENVIRONMENT_ID','Y','CHAR(1)',NULL,NULL,NULL,NULL,'2025-10-22','9999-12-31',USER, CURRENT_TIMESTAMP(0));
A71: =ETLMetadata!$C71 -> CIRC_RES_RSEV | B71: =ETLMetadata!$E71 -> PERSON_ID | C71: =IF(ISBLANK(ETLMetadata!$J71), "", ETLMetadata!$J71) -> Y | D71: =ETLMetadata!$G71 -> INTEGER | F71: Personal_IdentityInfoDirect | G71: =UPPER($F71) -> PERSONAL_IDENTITYINFODIRECT | J71: 45952 | K71: 2958465 | L71: =CONCATENATE("INSERT INTO metadata_reference.file_schema VALUES('",TRIM(A71),"','",TRIM(B71),"',",IF(TRIM(C71)="","NULL","'"&TRIM(C71)&"'"),",'",TRIM(D71),"',",IF(TRIM(E71)="","NULL","'"&TRIM(E71)&"'"),",",IF(TRIM(G71)="","NULL","'"&TRIM(G71)&"'"),",",IF(TRIM(H71)="","NULL","'"&TRIM(H71)&"'"),",", IF(TRIM(I71)="","NULL",TRIM(I71)),",",IF(TRIM(J71)="","NULL","'"&TEXT(J71,"yyyy-mm-dd")&"'"),",",IF(TRIM(K71)="","NULL","'"&TEXT(K71,"yyyy-mm-dd")&"'"),",","USER, CURRENT_TIMESTAMP(0));") -> INSERT INTO metadata_reference.file_schema VALUES('CIRC_RES_RSEV','PERSON_ID','Y','INTEGER',NULL,'PERSONAL_IDENTITYINFODIRECT ',NULL,NULL,'2025-10-22','9999-12-31',USER, CURRENT_TIMESTAMP(0));
A72: =ETLMetadata!$C72 -> CIRC_RES_RSEV | B72: =ETLMetadata!$E72 -> RSEV_VISA_GRANT_DATE | C72: =IF(ISBLANK(ETLMetadata!$J72), "", ETLMetadata!$J72) | D72: =ETLMetadata!$G72 -> DATE | G72: =UPPER($F72) | J72: 45952 | K72: 2958465 | L72: =CONCATENATE("INSERT INTO metadata_reference.file_schema VALUES('",TRIM(A72),"','",TRIM(B72),"',",IF(TRIM(C72)="","NULL","'"&TRIM(C72)&"'"),",'",TRIM(D72),"',",IF(TRIM(E72)="","NULL","'"&TRIM(E72)&"'"),",",IF(TRIM(G72)="","NULL","'"&TRIM(G72)&"'"),",",IF(TRIM(H72)="","NULL","'"&TRIM(H72)&"'"),",", IF(TRIM(I72)="","NULL",TRIM(I72)),",",IF(TRIM(J72)="","NULL","'"&TEXT(J72,"yyyy-mm-dd")&"'"),",",IF(TRIM(K72)="","NULL","'"&TEXT(K72,"yyyy-mm-dd")&"'"),",","USER, CURRENT_TIMESTAMP(0));") -> INSERT INTO metadata_reference.file_schema VALUES('CIRC_RES_RSEV','RSEV_VISA_GRANT_DATE',NULL,'DATE',NULL,NULL,NULL,NULL,'2025-10-22','9999-12-31',USER, CURRENT_TIMESTAMP(0));
A73: =ETLMetadata!$C73 -> CIRC_RES_RSEV | B73: =ETLMetadata!$E73 -> RSEV_VISA_GRANT_DATE_ORIG | C73: =IF(ISBLANK(ETLMetadata!$J73), "", ETLMetadata!$J73) | D73: =ETLMetadata!$G73 -> INTEGER | G73: =UPPER($F73) | J73: 45952 | K73: 2958465 | L73: =CONCATENATE("INSERT INTO metadata_reference.file_schema VALUES('",TRIM(A73),"','",TRIM(B73),"',",IF(TRIM(C73)="","NULL","'"&TRIM(C73)&"'"),",'",TRIM(D73),"',",IF(TRIM(E73)="","NULL","'"&TRIM(E73)&"'"),",",IF(TRIM(G73)="","NULL","'"&TRIM(G73)&"'"),",",IF(TRIM(H73)="","NULL","'"&TRIM(H73)&"'"),",", IF(TRIM(I73)="","NULL",TRIM(I73)),",",IF(TRIM(J73)="","NULL","'"&TEXT(J73,"yyyy-mm-dd")&"'"),",",IF(TRIM(K73)="","NULL","'"&TEXT(K73,"yyyy-mm-dd")&"'"),",","USER, CURRENT_TIMESTAMP(0));") -> INSERT INTO metadata_reference.file_schema VALUES('CIRC_RES_RSEV','RSEV_VISA_GRANT_DATE_ORIG',NULL,'INTEGER',NULL,NULL,NULL,NULL,'2025-10-22','9999-12-31',USER, CURRENT_TIMESTAMP(0));
A74: =ETLMetadata!$C74 -> CIRC_RES_RSEV | B74: =ETLMetadata!$E74 -> RSEV_VISA_SUB_CLASS_CODE | C74: =IF(ISBLANK(ETLMetadata!$J74), "", ETLMetadata!$J74) | D74: =ETLMetadata!$G74 -> CHAR(5) | G74: =UPPER($F74) | J74: 45952 | K74: 2958465 | L74: =CONCATENATE("INSERT INTO metadata_reference.file_schema VALUES('",TRIM(A74),"','",TRIM(B74),"',",IF(TRIM(C74)="","NULL","'"&TRIM(C74)&"'"),",'",TRIM(D74),"',",IF(TRIM(E74)="","NULL","'"&TRIM(E74)&"'"),",",IF(TRIM(G74)="","NULL","'"&TRIM(G74)&"'"),",",IF(TRIM(H74)="","NULL","'"&TRIM(H74)&"'"),",", IF(TRIM(I74)="","NULL",TRIM(I74)),",",IF(TRIM(J74)="","NULL","'"&TEXT(J74,"yyyy-mm-dd")&"'"),",",IF(TRIM(K74)="","NULL","'"&TEXT(K74,"yyyy-mm-dd")&"'"),",","USER, CURRENT_TIMESTAMP(0));") -> INSERT INTO metadata_reference.file_schema VALUES('CIRC_RES_RSEV','RSEV_VISA_SUB_CLASS_CODE',NULL,'CHAR(5)',NULL,NULL,NULL,NULL,'2025-10-22','9999-12-31',USER, CURRENT_TIMESTAMP(0));
A75: =ETLMetadata!$C75 -> CIRC_RES_RSEV | B75: =ETLMetadata!$E75 -> PROCESSING_SEQUENCE | C75: =IF(ISBLANK(ETLMetadata!$J75), "", ETLMetadata!$J75) -> Y | D75: =ETLMetadata!$G75 -> SMALLINT | G75: =UPPER($F75) | J75: 45952 | K75: 2958465 | L75: =CONCATENATE("INSERT INTO metadata_reference.file_schema VALUES('",TRIM(A75),"','",TRIM(B75),"',",IF(TRIM(C75)="","NULL","'"&TRIM(C75)&"'"),",'",TRIM(D75),"',",IF(TRIM(E75)="","NULL","'"&TRIM(E75)&"'"),",",IF(TRIM(G75)="","NULL","'"&TRIM(G75)&"'"),",",IF(TRIM(H75)="","NULL","'"&TRIM(H75)&"'"),",", IF(TRIM(I75)="","NULL",TRIM(I75)),",",IF(TRIM(J75)="","NULL","'"&TEXT(J75,"yyyy-mm-dd")&"'"),",",IF(TRIM(K75)="","NULL","'"&TEXT(K75,"yyyy-mm-dd")&"'"),",","USER, CURRENT_TIMESTAMP(0));") -> INSERT INTO metadata_reference.file_schema VALUES('CIRC_RES_RSEV','PROCESSING_SEQUENCE','Y','SMALLINT',NULL,NULL,NULL,NULL,'2025-10-22','9999-12-31',USER, CURRENT_TIMESTAMP(0));
A76: =ETLMetadata!$C76 -> CIRC_RES_RSEV | B76: =ETLMetadata!$E76 -> RSEV_AMR_1 | C76: =IF(ISBLANK(ETLMetadata!$J76), "", ETLMetadata!$J76) | D76: =ETLMetadata!$G76 -> CHAR(4) | G76: =UPPER($F76) | J76: 45952 | K76: 2958465 | L76: =CONCATENATE("INSERT INTO metadata_reference.file_schema VALUES('",TRIM(A76),"','",TRIM(B76),"',",IF(TRIM(C76)="","NULL","'"&TRIM(C76)&"'"),",'",TRIM(D76),"',",IF(TRIM(E76)="","NULL","'"&TRIM(E76)&"'"),",",IF(TRIM(G76)="","NULL","'"&TRIM(G76)&"'"),",",IF(TRIM(H76)="","NULL","'"&TRIM(H76)&"'"),",", IF(TRIM(I76)="","NULL",TRIM(I76)),",",IF(TRIM(J76)="","NULL","'"&TEXT(J76,"yyyy-mm-dd")&"'"),",",IF(TRIM(K76)="","NULL","'"&TEXT(K76,"yyyy-mm-dd")&"'"),",","USER, CURRENT_TIMESTAMP(0));") -> INSERT INTO metadata_reference.file_schema VALUES('CIRC_RES_RSEV','RSEV_AMR_1',NULL,'CHAR(4)',NULL,NULL,NULL,NULL,'2025-10-22','9999-12-31',USER, CURRENT_TIMESTAMP(0));
A77: =ETLMetadata!$C77 -> CIRC_RES_RSEV | B77: =ETLMetadata!$E77 -> RSEV_AMR_2 | C77: =IF(ISBLANK(ETLMetadata!$J77), "", ETLMetadata!$J77) | D77: =ETLMetadata!$G77 -> CHAR(1) | G77: =UPPER($F77) | J77: 45952 | K77: 2958465 | L77: =CONCATENATE("INSERT INTO metadata_reference.file_schema VALUES('",TRIM(A77),"','",TRIM(B77),"',",IF(TRIM(C77)="","NULL","'"&TRIM(C77)&"'"),",'",TRIM(D77),"',",IF(TRIM(E77)="","NULL","'"&TRIM(E77)&"'"),",",IF(TRIM(G77)="","NULL","'"&TRIM(G77)&"'"),",",IF(TRIM(H77)="","NULL","'"&TRIM(H77)&"'"),",", IF(TRIM(I77)="","NULL",TRIM(I77)),",",IF(TRIM(J77)="","NULL","'"&TEXT(J77,"yyyy-mm-dd")&"'"),",",IF(TRIM(K77)="","NULL","'"&TEXT(K77,"yyyy-mm-dd")&"'"),",","USER, CURRENT_TIMESTAMP(0));") -> INSERT INTO metadata_reference.file_schema VALUES('CIRC_RES_RSEV','RSEV_AMR_2',NULL,'CHAR(1)',NULL,NULL,NULL,NULL,'2025-10-22','9999-12-31',USER, CURRENT_TIMESTAMP(0));
A78: =ETLMetadata!$C78 -> CIRC_RES_RSEV | B78: =ETLMetadata!$E78 -> RSEV_AMR_3 | C78: =IF(ISBLANK(ETLMetadata!$J78), "", ETLMetadata!$J78) | D78: =ETLMetadata!$G78 -> CHAR(4) | G78: =UPPER($F78) | J78: 45952 | K78: 2958465 | L78: =CONCATENATE("INSERT INTO metadata_reference.file_schema VALUES('",TRIM(A78),"','",TRIM(B78),"',",IF(TRIM(C78)="","NULL","'"&TRIM(C78)&"'"),",'",TRIM(D78),"',",IF(TRIM(E78)="","NULL","'"&TRIM(E78)&"'"),",",IF(TRIM(G78)="","NULL","'"&TRIM(G78)&"'"),",",IF(TRIM(H78)="","NULL","'"&TRIM(H78)&"'"),",", IF(TRIM(I78)="","NULL",TRIM(I78)),",",IF(TRIM(J78)="","NULL","'"&TEXT(J78,"yyyy-mm-dd")&"'"),",",IF(TRIM(K78)="","NULL","'"&TEXT(K78,"yyyy-mm-dd")&"'"),",","USER, CURRENT_TIMESTAMP(0));") -> INSERT INTO metadata_reference.file_schema VALUES('CIRC_RES_RSEV','RSEV_AMR_3',NULL,'CHAR(4)',NULL,NULL,NULL,NULL,'2025-10-22','9999-12-31',USER, CURRENT_TIMESTAMP(0));
A79: =ETLMetadata!$C79 -> CIRC_RES_RSEV | B79: =ETLMetadata!$E79 -> RSEV_CHNL_CODE | C79: =IF(ISBLANK(ETLMetadata!$J79), "", ETLMetadata!$J79) | D79: =ETLMetadata!$G79 -> CHAR(3) | G79: =UPPER($F79) | J79: 45952 | K79: 2958465 | L79: =CONCATENATE("INSERT INTO metadata_reference.file_schema VALUES('",TRIM(A79),"','",TRIM(B79),"',",IF(TRIM(C79)="","NULL","'"&TRIM(C79)&"'"),",'",TRIM(D79),"',",IF(TRIM(E79)="","NULL","'"&TRIM(E79)&"'"),",",IF(TRIM(G79)="","NULL","'"&TRIM(G79)&"'"),",",IF(TRIM(H79)="","NULL","'"&TRIM(H79)&"'"),",", IF(TRIM(I79)="","NULL",TRIM(I79)),",",IF(TRIM(J79)="","NULL","'"&TEXT(J79,"yyyy-mm-dd")&"'"),",",IF(TRIM(K79)="","NULL","'"&TEXT(K79,"yyyy-mm-dd")&"'"),",","USER, CURRENT_TIMESTAMP(0));") -> INSERT INTO metadata_reference.file_schema VALUES('CIRC_RES_RSEV','RSEV_CHNL_CODE',NULL,'CHAR(3)',NULL,NULL,NULL,NULL,'2025-10-22','9999-12-31',USER, CURRENT_TIMESTAMP(0));
A80: =ETLMetadata!$C80 -> CIRC_RES_RSEV | B80: =ETLMetadata!$E80 -> RSEV_VISA_AOS_IND | C80: =IF(ISBLANK(ETLMetadata!$J80), "", ETLMetadata!$J80) | D80: =ETLMetadata!$G80 -> CHAR(1) | G80: =UPPER($F80) | J80: 45952 | K80: 2958465 | L80: =CONCATENATE("INSERT INTO metadata_reference.file_schema VALUES('",TRIM(A80),"','",TRIM(B80),"',",IF(TRIM(C80)="","NULL","'"&TRIM(C80)&"'"),",'",TRIM(D80),"',",IF(TRIM(E80)="","NULL","'"&TRIM(E80)&"'"),",",IF(TRIM(G80)="","NULL","'"&TRIM(G80)&"'"),",",IF(TRIM(H80)="","NULL","'"&TRIM(H80)&"'"),",", IF(TRIM(I80)="","NULL",TRIM(I80)),",",IF(TRIM(J80)="","NULL","'"&TEXT(J80,"yyyy-mm-dd")&"'"),",",IF(TRIM(K80)="","NULL","'"&TEXT(K80,"yyyy-mm-dd")&"'"),",","USER, CURRENT_TIMESTAMP(0));") -> INSERT INTO metadata_reference.file_schema VALUES('CIRC_RES_RSEV','RSEV_VISA_AOS_IND',NULL,'CHAR(1)',NULL,NULL,NULL,NULL,'2025-10-22','9999-12-31',USER, CURRENT_TIMESTAMP(0));
A81: =ETLMetadata!$C81 -> CIRC_RES_RSEV | B81: =ETLMetadata!$E81 -> RSEV_VISA_APPLN_DATE | C81: =IF(ISBLANK(ETLMetadata!$J81), "", ETLMetadata!$J81) | D81: =ETLMetadata!$G81 -> DATE | G81: =UPPER($F81) | J81: 45952 | K81: 2958465 | L81: =CONCATENATE("INSERT INTO metadata_reference.file_schema VALUES('",TRIM(A81),"','",TRIM(B81),"',",IF(TRIM(C81)="","NULL","'"&TRIM(C81)&"'"),",'",TRIM(D81),"',",IF(TRIM(E81)="","NULL","'"&TRIM(E81)&"'"),",",IF(TRIM(G81)="","NULL","'"&TRIM(G81)&"'"),",",IF(TRIM(H81)="","NULL","'"&TRIM(H81)&"'"),",", IF(TRIM(I81)="","NULL",TRIM(I81)),",",IF(TRIM(J81)="","NULL","'"&TEXT(J81,"yyyy-mm-dd")&"'"),",",IF(TRIM(K81)="","NULL","'"&TEXT(K81,"yyyy-mm-dd")&"'"),",","USER, CURRENT_TIMESTAMP(0));") -> INSERT INTO metadata_reference.file_schema VALUES('CIRC_RES_RSEV','RSEV_VISA_APPLN_DATE',NULL,'DATE',NULL,NULL,NULL,NULL,'2025-10-22','9999-12-31',USER, CURRENT_TIMESTAMP(0));
A82: =ETLMetadata!$C82 -> CIRC_RES_RSEV | B82: =ETLMetadata!$E82 -> RSEV_VISA_APPLN_DATE_ORIG | C82: =IF(ISBLANK(ETLMetadata!$J82), "", ETLMetadata!$J82) | D82: =ETLMetadata!$G82 -> INTEGER | G82: =UPPER($F82) | J82: 45952 | K82: 2958465 | L82: =CONCATENATE("INSERT INTO metadata_reference.file_schema VALUES('",TRIM(A82),"','",TRIM(B82),"',",IF(TRIM(C82)="","NULL","'"&TRIM(C82)&"'"),",'",TRIM(D82),"',",IF(TRIM(E82)="","NULL","'"&TRIM(E82)&"'"),",",IF(TRIM(G82)="","NULL","'"&TRIM(G82)&"'"),",",IF(TRIM(H82)="","NULL","'"&TRIM(H82)&"'"),",", IF(TRIM(I82)="","NULL",TRIM(I82)),",",IF(TRIM(J82)="","NULL","'"&TEXT(J82,"yyyy-mm-dd")&"'"),",",IF(TRIM(K82)="","NULL","'"&TEXT(K82,"yyyy-mm-dd")&"'"),",","USER, CURRENT_TIMESTAMP(0));") -> INSERT INTO metadata_reference.file_schema VALUES('CIRC_RES_RSEV','RSEV_VISA_APPLN_DATE_ORIG',NULL,'INTEGER',NULL,NULL,NULL,NULL,'2025-10-22','9999-12-31',USER, CURRENT_TIMESTAMP(0));
A83: =ETLMetadata!$C83 -> CIRC_RES_RSEV | B83: =ETLMetadata!$E83 -> RSEV_VISA_END_DATE | C83: =IF(ISBLANK(ETLMetadata!$J83), "", ETLMetadata!$J83) | D83: =ETLMetadata!$G83 -> DATE | G83: =UPPER($F83) | J83: 45952 | K83: 2958465 | L83: =CONCATENATE("INSERT INTO metadata_reference.file_schema VALUES('",TRIM(A83),"','",TRIM(B83),"',",IF(TRIM(C83)="","NULL","'"&TRIM(C83)&"'"),",'",TRIM(D83),"',",IF(TRIM(E83)="","NULL","'"&TRIM(E83)&"'"),",",IF(TRIM(G83)="","NULL","'"&TRIM(G83)&"'"),",",IF(TRIM(H83)="","NULL","'"&TRIM(H83)&"'"),",", IF(TRIM(I83)="","NULL",TRIM(I83)),",",IF(TRIM(J83)="","NULL","'"&TEXT(J83,"yyyy-mm-dd")&"'"),",",IF(TRIM(K83)="","NULL","'"&TEXT(K83,"yyyy-mm-dd")&"'"),",","USER, CURRENT_TIMESTAMP(0));") -> INSERT INTO metadata_reference.file_schema VALUES('CIRC_RES_RSEV','RSEV_VISA_END_DATE',NULL,'DATE',NULL,NULL,NULL,NULL,'2025-10-22','9999-12-31',USER, CURRENT_TIMESTAMP(0));
A84: =ETLMetadata!$C84 -> CIRC_RES_RSEV | B84: =ETLMetadata!$E84 -> RSEV_VISA_END_DATE_ORIG | C84: =IF(ISBLANK(ETLMetadata!$J84), "", ETLMetadata!$J84) | D84: =ETLMetadata!$G84 -> INTEGER | G84: =UPPER($F84) | J84: 45952 | K84: 2958465 | L84: =CONCATENATE("INSERT INTO metadata_reference.file_schema VALUES('",TRIM(A84),"','",TRIM(B84),"',",IF(TRIM(C84)="","NULL","'"&TRIM(C84)&"'"),",'",TRIM(D84),"',",IF(TRIM(E84)="","NULL","'"&TRIM(E84)&"'"),",",IF(TRIM(G84)="","NULL","'"&TRIM(G84)&"'"),",",IF(TRIM(H84)="","NULL","'"&TRIM(H84)&"'"),",", IF(TRIM(I84)="","NULL",TRIM(I84)),",",IF(TRIM(J84)="","NULL","'"&TEXT(J84,"yyyy-mm-dd")&"'"),",",IF(TRIM(K84)="","NULL","'"&TEXT(K84,"yyyy-mm-dd")&"'"),",","USER, CURRENT_TIMESTAMP(0));") -> INSERT INTO metadata_reference.file_schema VALUES('CIRC_RES_RSEV','RSEV_VISA_END_DATE_ORIG',NULL,'INTEGER',NULL,NULL,NULL,NULL,'2025-10-22','9999-12-31',USER, CURRENT_TIMESTAMP(0));
A85: =ETLMetadata!$C85 -> CIRC_RES_RSEV | B85: =ETLMetadata!$E85 -> RSEV_VISA_GRANT_NUM | C85: =IF(ISBLANK(ETLMetadata!$J85), "", ETLMetadata!$J85) | D85: =ETLMetadata!$G85 -> VARCHAR(13) | F85: Personal_IdentityInfoDirect | G85: =UPPER($F85) -> PERSONAL_IDENTITYINFODIRECT | J85: 45952 | K85: 2958465 | L85: =CONCATENATE("INSERT INTO metadata_reference.file_schema VALUES('",TRIM(A85),"','",TRIM(B85),"',",IF(TRIM(C85)="","NULL","'"&TRIM(C85)&"'"),",'",TRIM(D85),"',",IF(TRIM(E85)="","NULL","'"&TRIM(E85)&"'"),",",IF(TRIM(G85)="","NULL","'"&TRIM(G85)&"'"),",",IF(TRIM(H85)="","NULL","'"&TRIM(H85)&"'"),",", IF(TRIM(I85)="","NULL",TRIM(I85)),",",IF(TRIM(J85)="","NULL","'"&TEXT(J85,"yyyy-mm-dd")&"'"),",",IF(TRIM(K85)="","NULL","'"&TEXT(K85,"yyyy-mm-dd")&"'"),",","USER, CURRENT_TIMESTAMP(0));") -> INSERT INTO metadata_reference.file_schema VALUES('CIRC_RES_RSEV','RSEV_VISA_GRANT_NUM',NULL,'VARCHAR(13)',NULL,'PERSONAL_IDENTITYINFODIRECT',NULL,NULL,'2025-10-22','9999-12-31',USER, CURRENT_TIMESTAMP(0));
A86: =ETLMetadata!$C86 -> CIRC_RES_RSEV | B86: =ETLMetadata!$E86 -> RSEV_VISA_NUM | C86: =IF(ISBLANK(ETLMetadata!$J86), "", ETLMetadata!$J86) | D86: =ETLMetadata!$G86 -> VARCHAR(11) | F86: Personal_IdentityInfoDirect | G86: =UPPER($F86) -> PERSONAL_IDENTITYINFODIRECT | J86: 45952 | K86: 2958465 | L86: =CONCATENATE("INSERT INTO metadata_reference.file_schema VALUES('",TRIM(A86),"','",TRIM(B86),"',",IF(TRIM(C86)="","NULL","'"&TRIM(C86)&"'"),",'",TRIM(D86),"',",IF(TRIM(E86)="","NULL","'"&TRIM(E86)&"'"),",",IF(TRIM(G86)="","NULL","'"&TRIM(G86)&"'"),",",IF(TRIM(H86)="","NULL","'"&TRIM(H86)&"'"),",", IF(TRIM(I86)="","NULL",TRIM(I86)),",",IF(TRIM(J86)="","NULL","'"&TEXT(J86,"yyyy-mm-dd")&"'"),",",IF(TRIM(K86)="","NULL","'"&TEXT(K86,"yyyy-mm-dd")&"'"),",","USER, CURRENT_TIMESTAMP(0));") -> INSERT INTO metadata_reference.file_schema VALUES('CIRC_RES_RSEV','RSEV_VISA_NUM',NULL,'VARCHAR(11)',NULL,'PERSONAL_IDENTITYINFODIRECT',NULL,NULL,'2025-10-22','9999-12-31',USER, CURRENT_TIMESTAMP(0));
A87: =ETLMetadata!$C87 -> CIRC_RES_RSEV | B87: =ETLMetadata!$E87 -> AMR1_RISL_DTS | C87: =IF(ISBLANK(ETLMetadata!$J87), "", ETLMetadata!$J87) | D87: =ETLMetadata!$G87 -> TIMESTAMP(6) | G87: =UPPER($F87) | J87: 45952 | K87: 2958465 | L87: =CONCATENATE("INSERT INTO metadata_reference.file_schema VALUES('",TRIM(A87),"','",TRIM(B87),"',",IF(TRIM(C87)="","NULL","'"&TRIM(C87)&"'"),",'",TRIM(D87),"',",IF(TRIM(E87)="","NULL","'"&TRIM(E87)&"'"),",",IF(TRIM(G87)="","NULL","'"&TRIM(G87)&"'"),",",IF(TRIM(H87)="","NULL","'"&TRIM(H87)&"'"),",", IF(TRIM(I87)="","NULL",TRIM(I87)),",",IF(TRIM(J87)="","NULL","'"&TEXT(J87,"yyyy-mm-dd")&"'"),",",IF(TRIM(K87)="","NULL","'"&TEXT(K87,"yyyy-mm-dd")&"'"),",","USER, CURRENT_TIMESTAMP(0));") -> INSERT INTO metadata_reference.file_schema VALUES('CIRC_RES_RSEV','AMR1_RISL_DTS',NULL,'TIMESTAMP(6)',NULL,NULL,NULL,NULL,'2025-10-22','9999-12-31',USER, CURRENT_TIMESTAMP(0));
A88: =ETLMetadata!$C88 -> CIRC_RES_RSEV | B88: =ETLMetadata!$E88 -> AMR3_RISL_DTS | C88: =IF(ISBLANK(ETLMetadata!$J88), "", ETLMetadata!$J88) | D88: =ETLMetadata!$G88 -> TIMESTAMP(6) | G88: =UPPER($F88) | J88: 45952 | K88: 2958465 | L88: =CONCATENATE("INSERT INTO metadata_reference.file_schema VALUES('",TRIM(A88),"','",TRIM(B88),"',",IF(TRIM(C88)="","NULL","'"&TRIM(C88)&"'"),",'",TRIM(D88),"',",IF(TRIM(E88)="","NULL","'"&TRIM(E88)&"'"),",",IF(TRIM(G88)="","NULL","'"&TRIM(G88)&"'"),",",IF(TRIM(H88)="","NULL","'"&TRIM(H88)&"'"),",", IF(TRIM(I88)="","NULL",TRIM(I88)),",",IF(TRIM(J88)="","NULL","'"&TEXT(J88,"yyyy-mm-dd")&"'"),",",IF(TRIM(K88)="","NULL","'"&TEXT(K88,"yyyy-mm-dd")&"'"),",","USER, CURRENT_TIMESTAMP(0));") -> INSERT INTO metadata_reference.file_schema VALUES('CIRC_RES_RSEV','AMR3_RISL_DTS',NULL,'TIMESTAMP(6)',NULL,NULL,NULL,NULL,'2025-10-22','9999-12-31',USER, CURRENT_TIMESTAMP(0));
A89: =ETLMetadata!$C89 -> CIRC_RES_RSEV | B89: =ETLMetadata!$E89 -> PARTY_ID | C89: =IF(ISBLANK(ETLMetadata!$J89), "", ETLMetadata!$J89) | D89: =ETLMetadata!$G89 -> INTEGER | G89: =UPPER($F89) | J89: 45952 | K89: 2958465 | L89: =CONCATENATE("INSERT INTO metadata_reference.file_schema VALUES('",TRIM(A89),"','",TRIM(B89),"',",IF(TRIM(C89)="","NULL","'"&TRIM(C89)&"'"),",'",TRIM(D89),"',",IF(TRIM(E89)="","NULL","'"&TRIM(E89)&"'"),",",IF(TRIM(G89)="","NULL","'"&TRIM(G89)&"'"),",",IF(TRIM(H89)="","NULL","'"&TRIM(H89)&"'"),",", IF(TRIM(I89)="","NULL",TRIM(I89)),",",IF(TRIM(J89)="","NULL","'"&TEXT(J89,"yyyy-mm-dd")&"'"),",",IF(TRIM(K89)="","NULL","'"&TEXT(K89,"yyyy-mm-dd")&"'"),",","USER, CURRENT_TIMESTAMP(0));") -> INSERT INTO metadata_reference.file_schema VALUES('CIRC_RES_RSEV','PARTY_ID',NULL,'INTEGER',NULL,NULL,NULL,NULL,'2025-10-22','9999-12-31',USER, CURRENT_TIMESTAMP(0));
A90: =ETLMetadata!$C90 -> CIRC_RES_RSEV | B90: =ETLMetadata!$E90 -> PARTY_ROLE_ID | C90: =IF(ISBLANK(ETLMetadata!$J90), "", ETLMetadata!$J90) | D90: =ETLMetadata!$G90 -> INTEGER | G90: =UPPER($F90) | J90: 45952 | K90: 2958465 | L90: =CONCATENATE("INSERT INTO metadata_reference.file_schema VALUES('",TRIM(A90),"','",TRIM(B90),"',",IF(TRIM(C90)="","NULL","'"&TRIM(C90)&"'"),",'",TRIM(D90),"',",IF(TRIM(E90)="","NULL","'"&TRIM(E90)&"'"),",",IF(TRIM(G90)="","NULL","'"&TRIM(G90)&"'"),",",IF(TRIM(H90)="","NULL","'"&TRIM(H90)&"'"),",", IF(TRIM(I90)="","NULL",TRIM(I90)),",",IF(TRIM(J90)="","NULL","'"&TEXT(J90,"yyyy-mm-dd")&"'"),",",IF(TRIM(K90)="","NULL","'"&TEXT(K90,"yyyy-mm-dd")&"'"),",","USER, CURRENT_TIMESTAMP(0));") -> INSERT INTO metadata_reference.file_schema VALUES('CIRC_RES_RSEV','PARTY_ROLE_ID',NULL,'INTEGER',NULL,NULL,NULL,NULL,'2025-10-22','9999-12-31',USER, CURRENT_TIMESTAMP(0));
A91: =ETLMetadata!$C91 -> CIRC_RES_RSEV | B91: =ETLMetadata!$E91 -> ERROR_COUNT | C91: =IF(ISBLANK(ETLMetadata!$J91), "", ETLMetadata!$J91) | D91: =ETLMetadata!$G91 -> SMALLINT | G91: =UPPER($F91) | J91: 45952 | K91: 2958465 | L91: =CONCATENATE("INSERT INTO metadata_reference.file_schema VALUES('",TRIM(A91),"','",TRIM(B91),"',",IF(TRIM(C91)="","NULL","'"&TRIM(C91)&"'"),",'",TRIM(D91),"',",IF(TRIM(E91)="","NULL","'"&TRIM(E91)&"'"),",",IF(TRIM(G91)="","NULL","'"&TRIM(G91)&"'"),",",IF(TRIM(H91)="","NULL","'"&TRIM(H91)&"'"),",", IF(TRIM(I91)="","NULL",TRIM(I91)),",",IF(TRIM(J91)="","NULL","'"&TEXT(J91,"yyyy-mm-dd")&"'"),",",IF(TRIM(K91)="","NULL","'"&TEXT(K91,"yyyy-mm-dd")&"'"),",","USER, CURRENT_TIMESTAMP(0));") -> INSERT INTO metadata_reference.file_schema VALUES('CIRC_RES_RSEV','ERROR_COUNT',NULL,'SMALLINT',NULL,NULL,NULL,NULL,'2025-10-22','9999-12-31',USER, CURRENT_TIMESTAMP(0));
A92: =ETLMetadata!$C92 -> CIRC_RES_RSEV | B92: =ETLMetadata!$E92 -> Start_Date | C92: =IF(ISBLANK(ETLMetadata!$J92), "", ETLMetadata!$J92) | D92: =ETLMetadata!$G92 -> DATE | G92: =UPPER($F92) | J92: 45952 | K92: 2958465 | L92: =CONCATENATE("INSERT INTO metadata_reference.file_schema VALUES('",TRIM(A92),"','",TRIM(B92),"',",IF(TRIM(C92)="","NULL","'"&TRIM(C92)&"'"),",'",TRIM(D92),"',",IF(TRIM(E92)="","NULL","'"&TRIM(E92)&"'"),",",IF(TRIM(G92)="","NULL","'"&TRIM(G92)&"'"),",",IF(TRIM(H92)="","NULL","'"&TRIM(H92)&"'"),",", IF(TRIM(I92)="","NULL",TRIM(I92)),",",IF(TRIM(J92)="","NULL","'"&TEXT(J92,"yyyy-mm-dd")&"'"),",",IF(TRIM(K92)="","NULL","'"&TEXT(K92,"yyyy-mm-dd")&"'"),",","USER, CURRENT_TIMESTAMP(0));") -> INSERT INTO metadata_reference.file_schema VALUES('CIRC_RES_RSEV','Start_Date',NULL,'DATE',NULL,NULL,NULL,NULL,'2025-10-22','9999-12-31',USER, CURRENT_TIMESTAMP(0));
A93: =ETLMetadata!$C93 -> CIRC_RES_RSEV | B93: =ETLMetadata!$E93 -> End_Date | C93: =IF(ISBLANK(ETLMetadata!$J93), "", ETLMetadata!$J93) | D93: =ETLMetadata!$G93 -> DATE | G93: =UPPER($F93) | J93: 45952 | K93: 2958465 | L93: =CONCATENATE("INSERT INTO metadata_reference.file_schema VALUES('",TRIM(A93),"','",TRIM(B93),"',",IF(TRIM(C93)="","NULL","'"&TRIM(C93)&"'"),",'",TRIM(D93),"',",IF(TRIM(E93)="","NULL","'"&TRIM(E93)&"'"),",",IF(TRIM(G93)="","NULL","'"&TRIM(G93)&"'"),",",IF(TRIM(H93)="","NULL","'"&TRIM(H93)&"'"),",", IF(TRIM(I93)="","NULL",TRIM(I93)),",",IF(TRIM(J93)="","NULL","'"&TEXT(J93,"yyyy-mm-dd")&"'"),",",IF(TRIM(K93)="","NULL","'"&TEXT(K93,"yyyy-mm-dd")&"'"),",","USER, CURRENT_TIMESTAMP(0));") -> INSERT INTO metadata_reference.file_schema VALUES('CIRC_RES_RSEV','End_Date',NULL,'DATE',NULL,NULL,NULL,NULL,'2025-10-22','9999-12-31',USER, CURRENT_TIMESTAMP(0));
A94: =ETLMetadata!$C94 -> CIRC_RES_RSEV | B94: =ETLMetadata!$E94 -> Record_Deleted_Flag | C94: =IF(ISBLANK(ETLMetadata!$J94), "", ETLMetadata!$J94) | D94: =ETLMetadata!$G94 -> BYTEINT | G94: =UPPER($F94) | J94: 45952 | K94: 2958465 | L94: =CONCATENATE("INSERT INTO metadata_reference.file_schema VALUES('",TRIM(A94),"','",TRIM(B94),"',",IF(TRIM(C94)="","NULL","'"&TRIM(C94)&"'"),",'",TRIM(D94),"',",IF(TRIM(E94)="","NULL","'"&TRIM(E94)&"'"),",",IF(TRIM(G94)="","NULL","'"&TRIM(G94)&"'"),",",IF(TRIM(H94)="","NULL","'"&TRIM(H94)&"'"),",", IF(TRIM(I94)="","NULL",TRIM(I94)),",",IF(TRIM(J94)="","NULL","'"&TEXT(J94,"yyyy-mm-dd")&"'"),",",IF(TRIM(K94)="","NULL","'"&TEXT(K94,"yyyy-mm-dd")&"'"),",","USER, CURRENT_TIMESTAMP(0));") -> INSERT INTO metadata_reference.file_schema VALUES('CIRC_RES_RSEV','Record_Deleted_Flag',NULL,'BYTEINT',NULL,NULL,NULL,NULL,'2025-10-22','9999-12-31',USER, CURRENT_TIMESTAMP(0));
A95: =ETLMetadata!$C95 -> CIRD_NREL_NONO | B95: =ETLMetadata!$E95 -> EXTRACT_DATE | C95: =IF(ISBLANK(ETLMetadata!$J95), "", ETLMetadata!$J95) | D95: =ETLMetadata!$G95 -> DATE | G95: =UPPER($F95) | J95: 45952 | K95: 2958465 | L95: =CONCATENATE("INSERT INTO metadata_reference.file_schema VALUES('",TRIM(A95),"','",TRIM(B95),"',",IF(TRIM(C95)="","NULL","'"&TRIM(C95)&"'"),",'",TRIM(D95),"',",IF(TRIM(E95)="","NULL","'"&TRIM(E95)&"'"),",",IF(TRIM(G95)="","NULL","'"&TRIM(G95)&"'"),",",IF(TRIM(H95)="","NULL","'"&TRIM(H95)&"'"),",", IF(TRIM(I95)="","NULL",TRIM(I95)),",",IF(TRIM(J95)="","NULL","'"&TEXT(J95,"yyyy-mm-dd")&"'"),",",IF(TRIM(K95)="","NULL","'"&TEXT(K95,"yyyy-mm-dd")&"'"),",","USER, CURRENT_TIMESTAMP(0));") -> INSERT INTO metadata_reference.file_schema VALUES('CIRD_NREL_NONO','EXTRACT_DATE',NULL,'DATE',NULL,NULL,NULL,NULL,'2025-10-22','9999-12-31',USER, CURRENT_TIMESTAMP(0));
A96: =ETLMetadata!$C96 -> CIRD_NREL_NONO | B96: =ETLMetadata!$E96 -> LOGICAL_DELETE_DATE | C96: =IF(ISBLANK(ETLMetadata!$J96), "", ETLMetadata!$J96) | D96: =ETLMetadata!$G96 -> DATE | G96: =UPPER($F96) | J96: 45952 | K96: 2958465 | L96: =CONCATENATE("INSERT INTO metadata_reference.file_schema VALUES('",TRIM(A96),"','",TRIM(B96),"',",IF(TRIM(C96)="","NULL","'"&TRIM(C96)&"'"),",'",TRIM(D96),"',",IF(TRIM(E96)="","NULL","'"&TRIM(E96)&"'"),",",IF(TRIM(G96)="","NULL","'"&TRIM(G96)&"'"),",",IF(TRIM(H96)="","NULL","'"&TRIM(H96)&"'"),",", IF(TRIM(I96)="","NULL",TRIM(I96)),",",IF(TRIM(J96)="","NULL","'"&TEXT(J96,"yyyy-mm-dd")&"'"),",",IF(TRIM(K96)="","NULL","'"&TEXT(K96,"yyyy-mm-dd")&"'"),",","USER, CURRENT_TIMESTAMP(0));") -> INSERT INTO metadata_reference.file_schema VALUES('CIRD_NREL_NONO','LOGICAL_DELETE_DATE',NULL,'DATE',NULL,NULL,NULL,NULL,'2025-10-22','9999-12-31',USER, CURRENT_TIMESTAMP(0));
A97: =ETLMetadata!$C97 -> CIRD_NREL_NONO | B97: =ETLMetadata!$E97 -> ENVIRONMENT_ID | C97: =IF(ISBLANK(ETLMetadata!$J97), "", ETLMetadata!$J97) -> Y | D97: =ETLMetadata!$G97 -> CHAR(1) | G97: =UPPER($F97) | J97: 45952 | K97: 2958465 | L97: =CONCATENATE("INSERT INTO metadata_reference.file_schema VALUES('",TRIM(A97),"','",TRIM(B97),"',",IF(TRIM(C97)="","NULL","'"&TRIM(C97)&"'"),",'",TRIM(D97),"',",IF(TRIM(E97)="","NULL","'"&TRIM(E97)&"'"),",",IF(TRIM(G97)="","NULL","'"&TRIM(G97)&"'"),",",IF(TRIM(H97)="","NULL","'"&TRIM(H97)&"'"),",", IF(TRIM(I97)="","NULL",TRIM(I97)),",",IF(TRIM(J97)="","NULL","'"&TEXT(J97,"yyyy-mm-dd")&"'"),",",IF(TRIM(K97)="","NULL","'"&TEXT(K97,"yyyy-mm-dd")&"'"),",","USER, CURRENT_TIMESTAMP(0));") -> INSERT INTO metadata_reference.file_schema VALUES('CIRD_NREL_NONO','ENVIRONMENT_ID','Y','CHAR(1)',NULL,NULL,NULL,NULL,'2025-10-22','9999-12-31',USER, CURRENT_TIMESTAMP(0));
A98: =ETLMetadata!$C98 -> CIRD_NREL_NONO | B98: =ETLMetadata!$E98 -> PERSON_ID | C98: =IF(ISBLANK(ETLMetadata!$J98), "", ETLMetadata!$J98) -> Y | D98: =ETLMetadata!$G98 -> INTEGER | F98: Personal_IdentityInfoIndirect | G98: =UPPER($F98) -> PERSONAL_IDENTITYINFOINDIRECT | J98: 45952 | K98: 2958465 | L98: =CONCATENATE("INSERT INTO metadata_reference.file_schema VALUES('",TRIM(A98),"','",TRIM(B98),"',",IF(TRIM(C98)="","NULL","'"&TRIM(C98)&"'"),",'",TRIM(D98),"',",IF(TRIM(E98)="","NULL","'"&TRIM(E98)&"'"),",",IF(TRIM(G98)="","NULL","'"&TRIM(G98)&"'"),",",IF(TRIM(H98)="","NULL","'"&TRIM(H98)&"'"),",", IF(TRIM(I98)="","NULL",TRIM(I98)),",",IF(TRIM(J98)="","NULL","'"&TEXT(J98,"yyyy-mm-dd")&"'"),",",IF(TRIM(K98)="","NULL","'"&TEXT(K98,"yyyy-mm-dd")&"'"),",","USER, CURRENT_TIMESTAMP(0));") -> INSERT INTO metadata_reference.file_schema VALUES('CIRD_NREL_NONO','PERSON_ID','Y','INTEGER',NULL,'PERSONAL_IDENTITYINFOINDIRECT',NULL,NULL,'2025-10-22','9999-12-31',USER, CURRENT_TIMESTAMP(0));
A99: =ETLMetadata!$C99 -> CIRD_NREL_NONO | B99: =ETLMetadata!$E99 -> SRC_PERSON_ID | C99: =IF(ISBLANK(ETLMetadata!$J99), "", ETLMetadata!$J99) -> Y | D99: =ETLMetadata!$G99 -> INTEGER | F99: Personal_IdentityInfoIndirect | G99: =UPPER($F99) -> PERSONAL_IDENTITYINFOINDIRECT | J99: 45952 | K99: 2958465 | L99: =CONCATENATE("INSERT INTO metadata_reference.file_schema VALUES('",TRIM(A99),"','",TRIM(B99),"',",IF(TRIM(C99)="","NULL","'"&TRIM(C99)&"'"),",'",TRIM(D99),"',",IF(TRIM(E99)="","NULL","'"&TRIM(E99)&"'"),",",IF(TRIM(G99)="","NULL","'"&TRIM(G99)&"'"),",",IF(TRIM(H99)="","NULL","'"&TRIM(H99)&"'"),",", IF(TRIM(I99)="","NULL",TRIM(I99)),",",IF(TRIM(J99)="","NULL","'"&TEXT(J99,"yyyy-mm-dd")&"'"),",",IF(TRIM(K99)="","NULL","'"&TEXT(K99,"yyyy-mm-dd")&"'"),",","USER, CURRENT_TIMESTAMP(0));") -> INSERT INTO metadata_reference.file_schema VALUES('CIRD_NREL_NONO','SRC_PERSON_ID','Y','INTEGER',NULL,'PERSONAL_IDENTITYINFOINDIRECT',NULL,NULL,'2025-10-22','9999-12-31',USER, CURRENT_TIMESTAMP(0));
A100: =ETLMetadata!$C100 -> CIRD_NREL_NONO | B100: =ETLMetadata!$E100 -> NONO_DOE | C100: =IF(ISBLANK(ETLMetadata!$J100), "", ETLMetadata!$J100) | D100: =ETLMetadata!$G100 -> DATE | G100: =UPPER($F100) | J100: 45952 | K100: 2958465 | L100: =CONCATENATE("INSERT INTO metadata_reference.file_schema VALUES('",TRIM(A100),"','",TRIM(B100),"',",IF(TRIM(C100)="","NULL","'"&TRIM(C100)&"'"),",'",TRIM(D100),"',",IF(TRIM(E100)="","NULL","'"&TRIM(E100)&"'"),",",IF(TRIM(G100)="","NULL","'"&TRIM(G100)&"'"),",",IF(TRIM(H100)="","NULL","'"&TRIM(H100)&"'"),",", IF(TRIM(I100)="","NULL",TRIM(I100)),",",IF(TRIM(J100)="","NULL","'"&TEXT(J100,"yyyy-mm-dd")&"'"),",",IF(TRIM(K100)="","NULL","'"&TEXT(K100,"yyyy-mm-dd")&"'"),",","USER, CURRENT_TIMESTAMP(0));") -> INSERT INTO metadata_reference.file_schema VALUES('CIRD_NREL_NONO','NONO_DOE',NULL,'DATE',NULL,NULL,NULL,NULL,'2025-10-22','9999-12-31',USER, CURRENT_TIMESTAMP(0));
A101: =ETLMetadata!$C101 -> CIRD_NREL_NONO | B101: =ETLMetadata!$E101 -> NONO_DOE_ORIG_ORIG | C101: =IF(ISBLANK(ETLMetadata!$J101), "", ETLMetadata!$J101) -> Y | D101: =ETLMetadata!$G101 -> INTEGER | G101: =UPPER($F101) | J101: 45952 | K101: 2958465 | L101: =CONCATENATE("INSERT INTO metadata_reference.file_schema VALUES('",TRIM(A101),"','",TRIM(B101),"',",IF(TRIM(C101)="","NULL","'"&TRIM(C101)&"'"),",'",TRIM(D101),"',",IF(TRIM(E101)="","NULL","'"&TRIM(E101)&"'"),",",IF(TRIM(G101)="","NULL","'"&TRIM(G101)&"'"),",",IF(TRIM(H101)="","NULL","'"&TRIM(H101)&"'"),",", IF(TRIM(I101)="","NULL",TRIM(I101)),",",IF(TRIM(J101)="","NULL","'"&TEXT(J101,"yyyy-mm-dd")&"'"),",",IF(TRIM(K101)="","NULL","'"&TEXT(K101,"yyyy-mm-dd")&"'"),",","USER, CURRENT_TIMESTAMP(0));") -> INSERT INTO metadata_reference.file_schema VALUES('CIRD_NREL_NONO','NONO_DOE_ORIG_ORIG','Y','INTEGER',NULL,NULL,NULL,NULL,'2025-10-22','9999-12-31',USER, CURRENT_TIMESTAMP(0));
A102: =ETLMetadata!$C102 -> CIRD_NREL_NONO | B102: =ETLMetadata!$E102 -> NONO_NOM_TYPE_CODE | C102: =IF(ISBLANK(ETLMetadata!$J102), "", ETLMetadata!$J102) -> Y | D102: =ETLMetadata!$G102 -> CHAR(3) | G102: =UPPER($F102) | J102: 45952 | K102: 2958465 | L102: =CONCATENATE("INSERT INTO metadata_reference.file_schema VALUES('",TRIM(A102),"','",TRIM(B102),"',",IF(TRIM(C102)="","NULL","'"&TRIM(C102)&"'"),",'",TRIM(D102),"',",IF(TRIM(E102)="","NULL","'"&TRIM(E102)&"'"),",",IF(TRIM(G102)="","NULL","'"&TRIM(G102)&"'"),",",IF(TRIM(H102)="","NULL","'"&TRIM(H102)&"'"),",", IF(TRIM(I102)="","NULL",TRIM(I102)),",",IF(TRIM(J102)="","NULL","'"&TEXT(J102,"yyyy-mm-dd")&"'"),",",IF(TRIM(K102)="","NULL","'"&TEXT(K102,"yyyy-mm-dd")&"'"),",","USER, CURRENT_TIMESTAMP(0));") -> INSERT INTO metadata_reference.file_schema VALUES('CIRD_NREL_NONO','NONO_NOM_TYPE_CODE','Y','CHAR(3)',NULL,NULL,NULL,NULL,'2025-10-22','9999-12-31',USER, CURRENT_TIMESTAMP(0));
A103: =ETLMetadata!$C103 -> CIRD_NREL_NONO | B103: =ETLMetadata!$E103 -> PROCESSING_SEQUENCE | C103: =IF(ISBLANK(ETLMetadata!$J103), "", ETLMetadata!$J103) -> Y | D103: =ETLMetadata!$G103 -> SMALLINT | G103: =UPPER($F103) | J103: 45952 | K103: 2958465 | L103: =CONCATENATE("INSERT INTO metadata_reference.file_schema VALUES('",TRIM(A103),"','",TRIM(B103),"',",IF(TRIM(C103)="","NULL","'"&TRIM(C103)&"'"),",'",TRIM(D103),"',",IF(TRIM(E103)="","NULL","'"&TRIM(E103)&"'"),",",IF(TRIM(G103)="","NULL","'"&TRIM(G103)&"'"),",",IF(TRIM(H103)="","NULL","'"&TRIM(H103)&"'"),",", IF(TRIM(I103)="","NULL",TRIM(I103)),",",IF(TRIM(J103)="","NULL","'"&TEXT(J103,"yyyy-mm-dd")&"'"),",",IF(TRIM(K103)="","NULL","'"&TEXT(K103,"yyyy-mm-dd")&"'"),",","USER, CURRENT_TIMESTAMP(0));") -> INSERT INTO metadata_reference.file_schema VALUES('CIRD_NREL_NONO','PROCESSING_SEQUENCE','Y','SMALLINT',NULL,NULL,NULL,NULL,'2025-10-22','9999-12-31',USER, CURRENT_TIMESTAMP(0));
A104: =ETLMetadata!$C104 -> CIRD_NREL_NONO | B104: =ETLMetadata!$E104 -> NONO_AMR_1 | C104: =IF(ISBLANK(ETLMetadata!$J104), "", ETLMetadata!$J104) | D104: =ETLMetadata!$G104 -> CHAR(4) | G104: =UPPER($F104) | J104: 45952 | K104: 2958465 | L104: =CONCATENATE("INSERT INTO metadata_reference.file_schema VALUES('",TRIM(A104),"','",TRIM(B104),"',",IF(TRIM(C104)="","NULL","'"&TRIM(C104)&"'"),",'",TRIM(D104),"',",IF(TRIM(E104)="","NULL","'"&TRIM(E104)&"'"),",",IF(TRIM(G104)="","NULL","'"&TRIM(G104)&"'"),",",IF(TRIM(H104)="","NULL","'"&TRIM(H104)&"'"),",", IF(TRIM(I104)="","NULL",TRIM(I104)),",",IF(TRIM(J104)="","NULL","'"&TEXT(J104,"yyyy-mm-dd")&"'"),",",IF(TRIM(K104)="","NULL","'"&TEXT(K104,"yyyy-mm-dd")&"'"),",","USER, CURRENT_TIMESTAMP(0));") -> INSERT INTO metadata_reference.file_schema VALUES('CIRD_NREL_NONO','NONO_AMR_1',NULL,'CHAR(4)',NULL,NULL,NULL,NULL,'2025-10-22','9999-12-31',USER, CURRENT_TIMESTAMP(0));
A105: =ETLMetadata!$C105 -> CIRD_NREL_NONO | B105: =ETLMetadata!$E105 -> NONO_AMR_2 | C105: =IF(ISBLANK(ETLMetadata!$J105), "", ETLMetadata!$J105) -> Y | D105: =ETLMetadata!$G105 -> CHAR(1) | G105: =UPPER($F105) | J105: 45952 | K105: 2958465 | L105: =CONCATENATE("INSERT INTO metadata_reference.file_schema VALUES('",TRIM(A105),"','",TRIM(B105),"',",IF(TRIM(C105)="","NULL","'"&TRIM(C105)&"'"),",'",TRIM(D105),"',",IF(TRIM(E105)="","NULL","'"&TRIM(E105)&"'"),",",IF(TRIM(G105)="","NULL","'"&TRIM(G105)&"'"),",",IF(TRIM(H105)="","NULL","'"&TRIM(H105)&"'"),",", IF(TRIM(I105)="","NULL",TRIM(I105)),",",IF(TRIM(J105)="","NULL","'"&TEXT(J105,"yyyy-mm-dd")&"'"),",",IF(TRIM(K105)="","NULL","'"&TEXT(K105,"yyyy-mm-dd")&"'"),",","USER, CURRENT_TIMESTAMP(0));") -> INSERT INTO metadata_reference.file_schema VALUES('CIRD_NREL_NONO','NONO_AMR_2','Y','CHAR(1)',NULL,NULL,NULL,NULL,'2025-10-22','9999-12-31',USER, CURRENT_TIMESTAMP(0));
A106: =ETLMetadata!$C106 -> CIRD_NREL_NONO | B106: =ETLMetadata!$E106 -> NONO_AMR_3 | C106: =IF(ISBLANK(ETLMetadata!$J106), "", ETLMetadata!$J106) | D106: =ETLMetadata!$G106 -> CHAR(4) | G106: =UPPER($F106) | J106: 45952 | K106: 2958465 | L106: =CONCATENATE("INSERT INTO metadata_reference.file_schema VALUES('",TRIM(A106),"','",TRIM(B106),"',",IF(TRIM(C106)="","NULL","'"&TRIM(C106)&"'"),",'",TRIM(D106),"',",IF(TRIM(E106)="","NULL","'"&TRIM(E106)&"'"),",",IF(TRIM(G106)="","NULL","'"&TRIM(G106)&"'"),",",IF(TRIM(H106)="","NULL","'"&TRIM(H106)&"'"),",", IF(TRIM(I106)="","NULL",TRIM(I106)),",",IF(TRIM(J106)="","NULL","'"&TEXT(J106,"yyyy-mm-dd")&"'"),",",IF(TRIM(K106)="","NULL","'"&TEXT(K106,"yyyy-mm-dd")&"'"),",","USER, CURRENT_TIMESTAMP(0));") -> INSERT INTO metadata_reference.file_schema VALUES('CIRD_NREL_NONO','NONO_AMR_3',NULL,'CHAR(4)',NULL,NULL,NULL,NULL,'2025-10-22','9999-12-31',USER, CURRENT_TIMESTAMP(0));
A107: =ETLMetadata!$C107 -> CIRD_NREL_NONO | B107: =ETLMetadata!$E107 -> NONO_ARNGMT_RSN_CODE | C107: =IF(ISBLANK(ETLMetadata!$J107), "", ETLMetadata!$J107) | D107: =ETLMetadata!$G107 -> CHAR(3) | G107: =UPPER($F107) | J107: 45952 | K107: 2958465 | L107: =CONCATENATE("INSERT INTO metadata_reference.file_schema VALUES('",TRIM(A107),"','",TRIM(B107),"',",IF(TRIM(C107)="","NULL","'"&TRIM(C107)&"'"),",'",TRIM(D107),"',",IF(TRIM(E107)="","NULL","'"&TRIM(E107)&"'"),",",IF(TRIM(G107)="","NULL","'"&TRIM(G107)&"'"),",",IF(TRIM(H107)="","NULL","'"&TRIM(H107)&"'"),",", IF(TRIM(I107)="","NULL",TRIM(I107)),",",IF(TRIM(J107)="","NULL","'"&TEXT(J107,"yyyy-mm-dd")&"'"),",",IF(TRIM(K107)="","NULL","'"&TEXT(K107,"yyyy-mm-dd")&"'"),",","USER, CURRENT_TIMESTAMP(0));") -> INSERT INTO metadata_reference.file_schema VALUES('CIRD_NREL_NONO','NONO_ARNGMT_RSN_CODE',NULL,'CHAR(3)',NULL,NULL,NULL,NULL,'2025-10-22','9999-12-31',USER, CURRENT_TIMESTAMP(0));
A108: =ETLMetadata!$C108 -> CIRD_NREL_NONO | B108: =ETLMetadata!$E108 -> NONO_DOCU_TEXT | C108: =IF(ISBLANK(ETLMetadata!$J108), "", ETLMetadata!$J108) | D108: =ETLMetadata!$G108 -> VARCHAR(40) | G108: =UPPER($F108) | J108: 45952 | K108: 2958465 | L108: =CONCATENATE("INSERT INTO metadata_reference.file_schema VALUES('",TRIM(A108),"','",TRIM(B108),"',",IF(TRIM(C108)="","NULL","'"&TRIM(C108)&"'"),",'",TRIM(D108),"',",IF(TRIM(E108)="","NULL","'"&TRIM(E108)&"'"),",",IF(TRIM(G108)="","NULL","'"&TRIM(G108)&"'"),",",IF(TRIM(H108)="","NULL","'"&TRIM(H108)&"'"),",", IF(TRIM(I108)="","NULL",TRIM(I108)),",",IF(TRIM(J108)="","NULL","'"&TEXT(J108,"yyyy-mm-dd")&"'"),",",IF(TRIM(K108)="","NULL","'"&TEXT(K108,"yyyy-mm-dd")&"'"),",","USER, CURRENT_TIMESTAMP(0));") -> INSERT INTO metadata_reference.file_schema VALUES('CIRD_NREL_NONO','NONO_DOCU_TEXT',NULL,'VARCHAR(40)',NULL,NULL,NULL,NULL,'2025-10-22','9999-12-31',USER, CURRENT_TIMESTAMP(0));
A109: =ETLMetadata!$C109 -> CIRD_NREL_NONO | B109: =ETLMetadata!$E109 -> NONO_END_RSN_CODE | C109: =IF(ISBLANK(ETLMetadata!$J109), "", ETLMetadata!$J109) | D109: =ETLMetadata!$G109 -> CHAR(3) | G109: =UPPER($F109) | J109: 45952 | K109: 2958465 | L109: =CONCATENATE("INSERT INTO metadata_reference.file_schema VALUES('",TRIM(A109),"','",TRIM(B109),"',",IF(TRIM(C109)="","NULL","'"&TRIM(C109)&"'"),",'",TRIM(D109),"',",IF(TRIM(E109)="","NULL","'"&TRIM(E109)&"'"),",",IF(TRIM(G109)="","NULL","'"&TRIM(G109)&"'"),",",IF(TRIM(H109)="","NULL","'"&TRIM(H109)&"'"),",", IF(TRIM(I109)="","NULL",TRIM(I109)),",",IF(TRIM(J109)="","NULL","'"&TEXT(J109,"yyyy-mm-dd")&"'"),",",IF(TRIM(K109)="","NULL","'"&TEXT(K109,"yyyy-mm-dd")&"'"),",","USER, CURRENT_TIMESTAMP(0));") -> INSERT INTO metadata_reference.file_schema VALUES('CIRD_NREL_NONO','NONO_END_RSN_CODE',NULL,'CHAR(3)',NULL,NULL,NULL,NULL,'2025-10-22','9999-12-31',USER, CURRENT_TIMESTAMP(0));
A110: =ETLMetadata!$C110 -> CIRD_NREL_NONO | B110: =ETLMetadata!$E110 -> NONO_INDEF_ARNGMT_IND | C110: =IF(ISBLANK(ETLMetadata!$J110), "", ETLMetadata!$J110) | D110: =ETLMetadata!$G110 -> CHAR(1) | G110: =UPPER($F110) | J110: 45952 | K110: 2958465 | L110: =CONCATENATE("INSERT INTO metadata_reference.file_schema VALUES('",TRIM(A110),"','",TRIM(B110),"',",IF(TRIM(C110)="","NULL","'"&TRIM(C110)&"'"),",'",TRIM(D110),"',",IF(TRIM(E110)="","NULL","'"&TRIM(E110)&"'"),",",IF(TRIM(G110)="","NULL","'"&TRIM(G110)&"'"),",",IF(TRIM(H110)="","NULL","'"&TRIM(H110)&"'"),",", IF(TRIM(I110)="","NULL",TRIM(I110)),",",IF(TRIM(J110)="","NULL","'"&TEXT(J110,"yyyy-mm-dd")&"'"),",",IF(TRIM(K110)="","NULL","'"&TEXT(K110,"yyyy-mm-dd")&"'"),",","USER, CURRENT_TIMESTAMP(0));") -> INSERT INTO metadata_reference.file_schema VALUES('CIRD_NREL_NONO','NONO_INDEF_ARNGMT_IND',NULL,'CHAR(1)',NULL,NULL,NULL,NULL,'2025-10-22','9999-12-31',USER, CURRENT_TIMESTAMP(0));
A111: =ETLMetadata!$C111 -> CIRD_NREL_NONO | B111: =ETLMetadata!$E111 -> NONO_ON_IND | C111: =IF(ISBLANK(ETLMetadata!$J111), "", ETLMetadata!$J111) | D111: =ETLMetadata!$G111 -> CHAR(1) | G111: =UPPER($F111) | J111: 45952 | K111: 2958465 | L111: =CONCATENATE("INSERT INTO metadata_reference.file_schema VALUES('",TRIM(A111),"','",TRIM(B111),"',",IF(TRIM(C111)="","NULL","'"&TRIM(C111)&"'"),",'",TRIM(D111),"',",IF(TRIM(E111)="","NULL","'"&TRIM(E111)&"'"),",",IF(TRIM(G111)="","NULL","'"&TRIM(G111)&"'"),",",IF(TRIM(H111)="","NULL","'"&TRIM(H111)&"'"),",", IF(TRIM(I111)="","NULL",TRIM(I111)),",",IF(TRIM(J111)="","NULL","'"&TEXT(J111,"yyyy-mm-dd")&"'"),",",IF(TRIM(K111)="","NULL","'"&TEXT(K111,"yyyy-mm-dd")&"'"),",","USER, CURRENT_TIMESTAMP(0));") -> INSERT INTO metadata_reference.file_schema VALUES('CIRD_NREL_NONO','NONO_ON_IND',NULL,'CHAR(1)',NULL,NULL,NULL,NULL,'2025-10-22','9999-12-31',USER, CURRENT_TIMESTAMP(0));
... A128: =ETLMetadata!$C128 -> CUST_CST_CUAD_RE | B128: =ETLMetadata!$E128 -> ENVIRONMENT_ID | C128: =IF(ISBLANK(ETLMetadata!$J128), "", ETLMetadata!$J128) -> Y | D128: =ETLMetadata!$G128 -> CHAR(1) | G128: =UPPER($F128) | J128: 45952 | K128: 2958465 | L128: =CONCATENATE("INSERT INTO metadata_reference.file_schema VALUES('",TRIM(A128),"','",TRIM(B128),"',",IF(TRIM(C128)="","NULL","'"&TRIM(C128)&"'"),",'",TRIM(D128),"',",IF(TRIM(E128)="","NULL","'"&TRIM(E128)&"'"),",",IF(TRIM(G128)="","NULL","'"&TRIM(G128)&"'"),",",IF(TRIM(H128)="","NULL","'"&TRIM(H128)&"'"),",", IF(TRIM(I128)="","NULL",TRIM(I128)),",",IF(TRIM(J128)="","NULL","'"&TEXT(J128,"yyyy-mm-dd")&"'"),",",IF(TRIM(K128)="","NULL","'"&TEXT(K128,"yyyy-mm-dd")&"'"),",","USER, CURRENT_TIMESTAMP(0));") -> INSERT INTO metadata_reference.file_schema VALUES('CUST_CST_CUAD_RE','ENVIRONMENT_ID','Y','CHAR(1)',NULL,NULL,NULL,NULL,'2025-10-22','9999-12-31',USER, CURRENT_TIMESTAMP(0));
A129: =ETLMetadata!$C129 -> CUST_CST_CUAD_RE | B129: =ETLMetadata!$E129 -> PERSON_ID | C129: =IF(ISBLANK(ETLMetadata!$J129), "", ETLMetadata!$J129) -> Y | D129: =ETLMetadata!$G129 -> INTEGER | F129: Personal_IdentityInfoIndirect | G129: =UPPER($F129) -> PERSONAL_IDENTITYINFOINDIRECT | J129: 45952 | K129: 2958465 | L129: =CONCATENATE("INSERT INTO metadata_reference.file_schema VALUES('",TRIM(A129),"','",TRIM(B129),"',",IF(TRIM(C129)="","NULL","'"&TRIM(C129)&"'"),",'",TRIM(D129),"',",IF(TRIM(E129)="","NULL","'"&TRIM(E129)&"'"),",",IF(TRIM(G129)="","NULL","'"&TRIM(G129)&"'"),",",IF(TRIM(H129)="","NULL","'"&TRIM(H129)&"'"),",", IF(TRIM(I129)="","NULL",TRIM(I129)),",",IF(TRIM(J129)="","NULL","'"&TEXT(J129,"yyyy-mm-dd")&"'"),",",IF(TRIM(K129)="","NULL","'"&TEXT(K129,"yyyy-mm-dd")&"'"),",","USER, CURRENT_TIMESTAMP(0));") -> INSERT INTO metadata_reference.file_schema VALUES('CUST_CST_CUAD_RE','PERSON_ID','Y','INTEGER',NULL,'PERSONAL_IDENTITYINFOINDIRECT',NULL,NULL,'2025-10-22','9999-12-31',USER, CURRENT_TIMESTAMP(0));
A130: =ETLMetadata!$C130 -> CUST_CST_CUAD_RE | B130: =ETLMetadata!$E130 -> CUAD_DOE | C130: =IF(ISBLANK(ETLMetadata!$J130), "", ETLMetadata!$J130) | D130: =ETLMetadata!$G130 -> DATE | G130: =UPPER($F130) | J130: 45952 | K130: 2958465 | L130: =CONCATENATE("INSERT INTO metadata_reference.file_schema VALUES('",TRIM(A130),"','",TRIM(B130),"',",IF(TRIM(C130)="","NULL","'"&TRIM(C130)&"'"),",'",TRIM(D130),"',",IF(TRIM(E130)="","NULL","'"&TRIM(E130)&"'"),",",IF(TRIM(G130)="","NULL","'"&TRIM(G130)&"'"),",",IF(TRIM(H130)="","NULL","'"&TRIM(H130)&"'"),",", IF(TRIM(I130)="","NULL",TRIM(I130)),",",IF(TRIM(J130)="","NULL","'"&TEXT(J130,"yyyy-mm-dd")&"'"),",",IF(TRIM(K130)="","NULL","'"&TEXT(K130,"yyyy-mm-dd")&"'"),",","USER, CURRENT_TIMESTAMP(0));") -> INSERT INTO metadata_reference.file_schema VALUES('CUST_CST_CUAD_RE','CUAD_DOE',NULL,'DATE',NULL,NULL,NULL,NULL,'2025-10-22','9999-12-31',USER, CURRENT_TIMESTAMP(0));
A131: =ETLMetadata!$C131 -> CUST_CST_CUAD_RE | B131: =ETLMetadata!$E131 -> CUAD_DOE_ORIG | C131: =IF(ISBLANK(ETLMetadata!$J131), "", ETLMetadata!$J131) -> Y | D131: =ETLMetadata!$G131 -> INTEGER | G131: =UPPER($F131) | J131: 45952 | K131: 2958465 | L131: =CONCATENATE("INSERT INTO metadata_reference.file_schema VALUES('",TRIM(A131),"','",TRIM(B131),"',",IF(TRIM(C131)="","NULL","'"&TRIM(C131)&"'"),",'",TRIM(D131),"',",IF(TRIM(E131)="","NULL","'"&TRIM(E131)&"'"),",",IF(TRIM(G131)="","NULL","'"&TRIM(G131)&"'"),",",IF(TRIM(H131)="","NULL","'"&TRIM(H131)&"'"),",", IF(TRIM(I131)="","NULL",TRIM(I131)),",",IF(TRIM(J131)="","NULL","'"&TEXT(J131,"yyyy-mm-dd")&"'"),",",IF(TRIM(K131)="","NULL","'"&TEXT(K131,"yyyy-mm-dd")&"'"),",","USER, CURRENT_TIMESTAMP(0));") -> INSERT INTO metadata_reference.file_schema VALUES('CUST_CST_CUAD_RE','CUAD_DOE_ORIG','Y','INTEGER',NULL,NULL,NULL,NULL,'2025-10-22','9999-12-31',USER, CURRENT_TIMESTAMP(0));
A132: =ETLMetadata!$C132 -> CUST_CST_CUAD_RE | B132: =ETLMetadata!$E132 -> CUAD_TYPE_CODE | C132: =IF(ISBLANK(ETLMetadata!$J132), "", ETLMetadata!$J132) -> Y | D132: =ETLMetadata!$G132 -> CHAR(3) | G132: =UPPER($F132) | J132: 45952 | K132: 2958465 | L132: =CONCATENATE("INSERT INTO metadata_reference.file_schema VALUES('",TRIM(A132),"','",TRIM(B132),"',",IF(TRIM(C132)="","NULL","'"&TRIM(C132)&"'"),",'",TRIM(D132),"',",IF(TRIM(E132)="","NULL","'"&TRIM(E132)&"'"),",",IF(TRIM(G132)="","NULL","'"&TRIM(G132)&"'"),",",IF(TRIM(H132)="","NULL","'"&TRIM(H132)&"'"),",", IF(TRIM(I132)="","NULL",TRIM(I132)),",",IF(TRIM(J132)="","NULL","'"&TEXT(J132,"yyyy-mm-dd")&"'"),",",IF(TRIM(K132)="","NULL","'"&TEXT(K132,"yyyy-mm-dd")&"'"),",","USER, CURRENT_TIMESTAMP(0));") -> INSERT INTO metadata_reference.file_schema VALUES('CUST_CST_CUAD_RE','CUAD_TYPE_CODE','Y','CHAR(3)',NULL,NULL,NULL,NULL,'2025-10-22','9999-12-31',USER, CURRENT_TIMESTAMP(0));
A133: =ETLMetadata!$C133 -> CUST_CST_CUAD_RE | B133: =ETLMetadata!$E133 -> PROCESSING_SEQUENCE | C133: =IF(ISBLANK(ETLMetadata!$J133), "", ETLMetadata!$J133) -> Y | D133: =ETLMetadata!$G133 -> SMALLINT | G133: =UPPER($F133) | J133: 45952 | K133: 2958465 | L133: =CONCATENATE("INSERT INTO metadata_reference.file_schema VALUES('",TRIM(A133),"','",TRIM(B133),"',",IF(TRIM(C133)="","NULL","'"&TRIM(C133)&"'"),",'",TRIM(D133),"',",IF(TRIM(E133)="","NULL","'"&TRIM(E133)&"'"),",",IF(TRIM(G133)="","NULL","'"&TRIM(G133)&"'"),",",IF(TRIM(H133)="","NULL","'"&TRIM(H133)&"'"),",", IF(TRIM(I133)="","NULL",TRIM(I133)),",",IF(TRIM(J133)="","NULL","'"&TEXT(J133,"yyyy-mm-dd")&"'"),",",IF(TRIM(K133)="","NULL","'"&TEXT(K133,"yyyy-mm-dd")&"'"),",","USER, CURRENT_TIMESTAMP(0));") -> INSERT INTO metadata_reference.file_schema VALUES('CUST_CST_CUAD_RE','PROCESSING_SEQUENCE','Y','SMALLINT',NULL,NULL,NULL,NULL,'2025-10-22','9999-12-31',USER, CURRENT_TIMESTAMP(0));
A134: =ETLMetadata!$C134 -> CUST_CST_CUAD_RE | B134: =ETLMetadata!$E134 -> CUAD_ADDR_1ST_LINE | C134: =IF(ISBLANK(ETLMetadata!$J134), "", ETLMetadata!$J134) | D134: =ETLMetadata!$G134 -> VARCHAR(50) | F134: Personal_ContactInfo | G134: =UPPER($F134) -> PERSONAL_CONTACTINFO | J134: 45952 | K134: 2958465 | L134: =CONCATENATE("INSERT INTO metadata_reference.file_schema VALUES('",TRIM(A134),"','",TRIM(B134),"',",IF(TRIM(C134)="","NULL","'"&TRIM(C134)&"'"),",'",TRIM(D134),"',",IF(TRIM(E134)="","NULL","'"&TRIM(E134)&"'"),",",IF(TRIM(G134)="","NULL","'"&TRIM(G134)&"'"),",",IF(TRIM(H134)="","NULL","'"&TRIM(H134)&"'"),",", IF(TRIM(I134)="","NULL",TRIM(I134)),",",IF(TRIM(J134)="","NULL","'"&TEXT(J134,"yyyy-mm-dd")&"'"),",",IF(TRIM(K134)="","NULL","'"&TEXT(K134,"yyyy-mm-dd")&"'"),",","USER, CURRENT_TIMESTAMP(0));") -> INSERT INTO metadata_reference.file_schema VALUES('CUST_CST_CUAD_RE','CUAD_ADDR_1ST_LINE',NULL,'VARCHAR(50)',NULL,'PERSONAL_CONTACTINFO',NULL,NULL,'2025-10-22','9999-12-31',USER, CURRENT_TIMESTAMP(0));
A135: =ETLMetadata!$C135 -> CUST_CST_CUAD_RE | B135: =ETLMetadata!$E135 -> CUAD_ADDR_2ND_LINE | C135: =IF(ISBLANK(ETLMetadata!$J135), "", ETLMetadata!$J135) | D135: =ETLMetadata!$G135 -> VARCHAR(50) | F135: Personal_ContactInfo | G135: =UPPER($F135) -> PERSONAL_CONTACTINFO | J135: 45952 | K135: 2958465 | L135: =CONCATENATE("INSERT INTO metadata_reference.file_schema VALUES('",TRIM(A135),"','",TRIM(B135),"',",IF(TRIM(C135)="","NULL","'"&TRIM(C135)&"'"),",'",TRIM(D135),"',",IF(TRIM(E135)="","NULL","'"&TRIM(E135)&"'"),",",IF(TRIM(G135)="","NULL","'"&TRIM(G135)&"'"),",",IF(TRIM(H135)="","NULL","'"&TRIM(H135)&"'"),",", IF(TRIM(I135)="","NULL",TRIM(I135)),",",IF(TRIM(J135)="","NULL","'"&TEXT(J135,"yyyy-mm-dd")&"'"),",",IF(TRIM(K135)="","NULL","'"&TEXT(K135,"yyyy-mm-dd")&"'"),",","USER, CURRENT_TIMESTAMP(0));") -> INSERT INTO metadata_reference.file_schema VALUES('CUST_CST_CUAD_RE','CUAD_ADDR_2ND_LINE',NULL,'VARCHAR(50)',NULL,'PERSONAL_CONTACTINFO',NULL,NULL,'2025-10-22','9999-12-31',USER, CURRENT_TIMESTAMP(0));
A136: =ETLMetadata!$C136 -> CUST_CST_CUAD_RE | B136: =ETLMetadata!$E136 -> CUAD_AMR_1 | C136: =IF(ISBLANK(ETLMetadata!$J136), "", ETLMetadata!$J136) -> Y | D136: =ETLMetadata!$G136 -> CHAR(4) | G136: =UPPER($F136) | J136: 45952 | K136: 2958465 | L136: =CONCATENATE("INSERT INTO metadata_reference.file_schema VALUES('",TRIM(A136),"','",TRIM(B136),"',",IF(TRIM(C136)="","NULL","'"&TRIM(C136)&"'"),",'",TRIM(D136),"',",IF(TRIM(E136)="","NULL","'"&TRIM(E136)&"'"),",",IF(TRIM(G136)="","NULL","'"&TRIM(G136)&"'"),",",IF(TRIM(H136)="","NULL","'"&TRIM(H136)&"'"),",", IF(TRIM(I136)="","NULL",TRIM(I136)),",",IF(TRIM(J136)="","NULL","'"&TEXT(J136,"yyyy-mm-dd")&"'"),",",IF(TRIM(K136)="","NULL","'"&TEXT(K136,"yyyy-mm-dd")&"'"),",","USER, CURRENT_TIMESTAMP(0));") -> INSERT INTO metadata_reference.file_schema VALUES('CUST_CST_CUAD_RE','CUAD_AMR_1','Y','CHAR(4)',NULL,NULL,NULL,NULL,'2025-10-22','9999-12-31',USER, CURRENT_TIMESTAMP(0));
A137: =ETLMetadata!$C137 -> CUST_CST_CUAD_RE | B137: =ETLMetadata!$E137 -> CUAD_AMR_2 | C137: =IF(ISBLANK(ETLMetadata!$J137), "", ETLMetadata!$J137) | D137: =ETLMetadata!$G137 -> CHAR(1) | G137: =UPPER($F137) | J137: 45952 | K137: 2958465 | L137: =CONCATENATE("INSERT INTO metadata_reference.file_schema VALUES('",TRIM(A137),"','",TRIM(B137),"',",IF(TRIM(C137)="","NULL","'"&TRIM(C137)&"'"),",'",TRIM(D137),"',",IF(TRIM(E137)="","NULL","'"&TRIM(E137)&"'"),",",IF(TRIM(G137)="","NULL","'"&TRIM(G137)&"'"),",",IF(TRIM(H137)="","NULL","'"&TRIM(H137)&"'"),",", IF(TRIM(I137)="","NULL",TRIM(I137)),",",IF(TRIM(J137)="","NULL","'"&TEXT(J137,"yyyy-mm-dd")&"'"),",",IF(TRIM(K137)="","NULL","'"&TEXT(K137,"yyyy-mm-dd")&"'"),",","USER, CURRENT_TIMESTAMP(0));") -> INSERT INTO metadata_reference.file_schema VALUES('CUST_CST_CUAD_RE','CUAD_AMR_2',NULL,'CHAR(1)',NULL,NULL,NULL,NULL,'2025-10-22','9999-12-31',USER, CURRENT_TIMESTAMP(0));
A138: =ETLMetadata!$C138 -> CUST_CST_CUAD_RE | B138: =ETLMetadata!$E138 -> CUAD_AMR_3 | C138: =IF(ISBLANK(ETLMetadata!$J138), "", ETLMetadata!$J138) | D138: =ETLMetadata!$G138 -> CHAR(4) | G138: =UPPER($F138) | J138: 45952 | K138: 2958465 | L138: =CONCATENATE("INSERT INTO metadata_reference.file_schema VALUES('",TRIM(A138),"','",TRIM(B138),"',",IF(TRIM(C138)="","NULL","'"&TRIM(C138)&"'"),",'",TRIM(D138),"',",IF(TRIM(E138)="","NULL","'"&TRIM(E138)&"'"),",",IF(TRIM(G138)="","NULL","'"&TRIM(G138)&"'"),",",IF(TRIM(H138)="","NULL","'"&TRIM(H138)&"'"),",", IF(TRIM(I138)="","NULL",TRIM(I138)),",",IF(TRIM(J138)="","NULL","'"&TEXT(J138,"yyyy-mm-dd")&"'"),",",IF(TRIM(K138)="","NULL","'"&TEXT(K138,"yyyy-mm-dd")&"'"),",","USER, CURRENT_TIMESTAMP(0));") -> INSERT INTO metadata_reference.file_schema VALUES('CUST_CST_CUAD_RE','CUAD_AMR_3',NULL,'CHAR(4)',NULL,NULL,NULL,NULL,'2025-10-22','9999-12-31',USER, CURRENT_TIMESTAMP(0));
A139: =ETLMetadata!$C139 -> CUST_CST_CUAD_RE | B139: =ETLMetadata!$E139 -> CUAD_AUS_POSTCODE | C139: =IF(ISBLANK(ETLMetadata!$J139), "", ETLMetadata!$J139) | D139: =ETLMetadata!$G139 -> CHAR(4) | F139: Personal_ContactInfo | G139: =UPPER($F139) -> PERSONAL_CONTACTINFO | J139: 45952 | K139: 2958465 | L139: =CONCATENATE("INSERT INTO metadata_reference.file_schema VALUES('",TRIM(A139),"','",TRIM(B139),"',",IF(TRIM(C139)="","NULL","'"&TRIM(C139)&"'"),",'",TRIM(D139),"',",IF(TRIM(E139)="","NULL","'"&TRIM(E139)&"'"),",",IF(TRIM(G139)="","NULL","'"&TRIM(G139)&"'"),",",IF(TRIM(H139)="","NULL","'"&TRIM(H139)&"'"),",", IF(TRIM(I139)="","NULL",TRIM(I139)),",",IF(TRIM(J139)="","NULL","'"&TEXT(J139,"yyyy-mm-dd")&"'"),",",IF(TRIM(K139)="","NULL","'"&TEXT(K139,"yyyy-mm-dd")&"'"),",","USER, CURRENT_TIMESTAMP(0));") -> INSERT INTO metadata_reference.file_schema VALUES('CUST_CST_CUAD_RE','CUAD_AUS_POSTCODE',NULL,'CHAR(4)',NULL,'PERSONAL_CONTACTINFO',NULL,NULL,'2025-10-22','9999-12-31',USER, CURRENT_TIMESTAMP(0));
A140: =ETLMetadata!$C140 -> CUST_CST_CUAD_RE | B140: =ETLMetadata!$E140 -> CUAD_CMTY_CODE | C140: =IF(ISBLANK(ETLMetadata!$J140), "", ETLMetadata!$J140) | D140: =ETLMetadata!$G140 -> CHAR(4) | F140: Personal_ContactInfo | G140: =UPPER($F140) -> PERSONAL_CONTACTINFO | J140: 45952 | K140: 2958465 | L140: =CONCATENATE("INSERT INTO metadata_reference.file_schema VALUES('",TRIM(A140),"','",TRIM(B140),"',",IF(TRIM(C140)="","NULL","'"&TRIM(C140)&"'"),",'",TRIM(D140),"',",IF(TRIM(E140)="","NULL","'"&TRIM(E140)&"'"),",",IF(TRIM(G140)="","NULL","'"&TRIM(G140)&"'"),",",IF(TRIM(H140)="","NULL","'"&TRIM(H140)&"'"),",", IF(TRIM(I140)="","NULL",TRIM(I140)),",",IF(TRIM(J140)="","NULL","'"&TEXT(J140,"yyyy-mm-dd")&"'"),",",IF(TRIM(K140)="","NULL","'"&TEXT(K140,"yyyy-mm-dd")&"'"),",","USER, CURRENT_TIMESTAMP(0));") -> INSERT INTO metadata_reference.file_schema VALUES('CUST_CST_CUAD_RE','CUAD_CMTY_CODE',NULL,'CHAR(4)',NULL,'PERSONAL_CONTACTINFO',NULL,NULL,'2025-10-22','9999-12-31',USER, CURRENT_TIMESTAMP(0));
...

Sheet SNFMetadata
A1: Source System Name | B1: Table Name Source (DL) | C1: Column Name Source (DL) | D1: Data Type DL | E1: Table Name Target- Snowflake STG | F1: Column Name Target- Snowflake STG | G1: Data Type STG | H1: Table Name Target- Snowflake SRC | I1: Column Name Target- Snowflake SRC | J1: Data Type (Snowflake) SRC | K1: INFO-Data Type (Source) | L1: INFO-Format (Source) | M1: transformation rule for STG Views | N1: PK | O1: Source Security Classificaiton | P1: Include Flag | Q1: INFO-start_date | R1: INFO-end_date | S1: INFO-update_user | T1: INFO-update_timestamp | U1: INFO-View Name STG | V1: Stiching Required
A2: =TRIM(ETLMetadata!$B2) -> CLK | B2: =TRIM(ETLMetadata!$C2) -> CIRC_PORT_PODT | C2: =TRIM(ETLMetadata!$F2) -> EXTRACT_DATE | D2: =TRIM(ETLMetadata!$H2) -> StringType() | E2: =CONCATENATE($A2,"_",B2) -> CLK_CIRC_PORT_PODT | F2: =IF($C2="Start_Date","STRT_DT", IF($C2="End_Date","END_DT", IF($C2="Record_Deleted_Flag","RCRD_DEL_IND", IF($C2="IsDeleted","RCRD_DEL_IND", $C2 )))) -> EXTRACT_DATE | G2: VARCHAR | H2: =CONCATENATE($A2,"_",$B2) -> CLK_CIRC_PORT_PODT | I2: =IF($C2="Start_Date","STRT_DT", IF($C2="End_Date","END_DT", IF($C2="Record_Deleted_Flag","RCRD_DEL_IND", IF($C2="IsDeleted","RCRD_DEL_IND", $C2 )))) -> EXTRACT_DATE | J2: =IF(LEFT(TRIM($K2),7)="VARCHAR","VARCHAR", IF(LEFT(TRIM($K2),4)="CHAR","VARCHAR", IF(TRIM($K2)="TIMESTAMP(6)","TIMESTAMP", IF(TRIM($K2)="DATE","DATE", IF(TRIM($K2)="BYTEINT","SMALLINT", IF(TRIM($K2)="SMALLINT","SMALLINT", IF(TRIM($K2)="INTEGER","INTEGER", IF(TRIM($K2)="BIGINT","INTEGER", IF(LEFT(TRIM($K2),7)="DECIMAL",TRIM($K2), IF(TRIM($K2)="BOOLEAN","BOOLEAN", IF(TRIM($K2)="DOUBLE","DOUBLE", IF(TRIM($K2)="FLOAT","FLOAT", IF(TRIM($K2)="REAL","REAL", IF(LEFT(TRIM($K2),6)="STRUCT","VARIANT", IF(LEFT(TRIM($K2),5)="ARRAY","VARIANT", IF(LEFT(TRIM($K2),3)="MAP","VARIANT", IF(LEFT(TRIM($K2),3)="ROW","VARIANT", "NONE" ))))))))))))))))) -> DATE | K2: =TRIM(ETLMetadata!$G2) -> DATE | L2: =TRIM(ETLMetadata!$I2) -> YYYY-MM-DD | M2: =IF(LEFT($K2,7)="VARCHAR","NULLIF(TRIM("&$I2&"),'')", IF(LEFT($K2,4)="CHAR","NULLIF(TRIM("&$I2&"),'')", IF(LEFT($K2,7)="DECIMAL","CAST(NULLIF(TRIM("&$I2&"),'') AS "&$K2&")", IF($K2="TIMESTAMP(6)","TO_TIMESTAMP_NTZ(NULLIF(TRIM("&$I2&"),''),'YYYY-MM-DD HH24:MI:SS.FF6')", IF($K2="DATE","TO_DATE(NULLIF(TRIM("&$I2&"),'') , 'YYYY-MM-DD')", IF($K2="BIGINT","CAST(NULLIF(TRIM("&I2&"),'') AS INTEGER)", IF($K2="BYTEINT","CAST(NULLIF(TRIM("&I2&"),'') AS SMALLINT)", IF($K2="SMALLINT","CAST(NULLIF(TRIM("&I2&"),'') AS SMALLINT)", IF($K2="INTEGER","CAST(NULLIF(TRIM("&I2&"),'') AS INTEGER)", IF($K2="BOOLEAN","CAST(NULLIF(TRIM("&I2&"),'') AS BOOLEAN)", IF($K2="DOUBLE","CAST(NULLIF(TRIM("&I2&"),'') AS DOUBLE)", IF($K2="FLOAT","CAST(NULLIF(TRIM("&I2&"),'') AS FLOAT)", IF($K2="REAL","CAST(NULLIF(TRIM("&I2&"),'') AS REAL)", IF(OR($K2="STRUCT",$K2="ARRAY",$K2="MAP",$K2="ROW"),"CAST(NULLIF(TRIM("&I2&"),'') AS VARIANT)", "NONE" )))))))))))))) -> TO_DATE(NULLIF(TRIM(EXTRACT_DATE),'') , 'YYYY-MM-DD') | N2: =TRIM(ETLMetadata!$J2) | O2: =IF(TRIM(Classification!$G2)="","NOT CONFIDENTIAL",TRIM(Classification!$G2)) -> NOT CONFIDENTIAL | P2: =IF($C2="Start_Date","N", IF($C2="End_Date","N", IF($C2="Record_Deleted_Flag","N", IF($C2="IsDeleted","N", "Y" )))) -> Y | Q2: sysdate() | R2: 2958465 | S2: migration_pipeline | T2: current_timestamp() | U2: =CONCATENATE(A2,"_",B2,"_V") -> CLK_CIRC_PORT_PODT_V | V2: N
A3: =TRIM(ETLMetadata!$B3) -> CLK | B3: =TRIM(ETLMetadata!$C3) -> CIRC_PORT_PODT | C3: =TRIM(ETLMetadata!$F3) -> LOGICAL_DELETE_DATE | D3: =TRIM(ETLMetadata!$H3) -> StringType() | E3: =CONCATENATE($A3,"_",B3) -> CLK_CIRC_PORT_PODT | F3: =IF($C3="Start_Date","STRT_DT", IF($C3="End_Date","END_DT", IF($C3="Record_Deleted_Flag","RCRD_DEL_IND", IF($C3="IsDeleted","RCRD_DEL_IND", $C3 )))) -> LOGICAL_DELETE_DATE | G3: VARCHAR | H3: =CONCATENATE($A3,"_",$B3) -> CLK_CIRC_PORT_PODT | I3: =IF($C3="Start_Date","STRT_DT", IF($C3="End_Date","END_DT", IF($C3="Record_Deleted_Flag","RCRD_DEL_IND", IF($C3="IsDeleted","RCRD_DEL_IND", $C3 )))) -> LOGICAL_DELETE_DATE | J3: =IF(LEFT(TRIM($K3),7)="VARCHAR","VARCHAR", IF(LEFT(TRIM($K3),4)="CHAR","VARCHAR", IF(TRIM($K3)="TIMESTAMP(6)","TIMESTAMP", IF(TRIM($K3)="DATE","DATE", IF(TRIM($K3)="BYTEINT","SMALLINT", IF(TRIM($K3)="SMALLINT","SMALLINT", IF(TRIM($K3)="INTEGER","INTEGER", IF(TRIM($K3)="BIGINT","INTEGER", IF(LEFT(TRIM($K3),7)="DECIMAL",TRIM($K3), IF(TRIM($K3)="BOOLEAN","BOOLEAN", IF(TRIM($K3)="DOUBLE","DOUBLE", IF(TRIM($K3)="FLOAT","FLOAT", IF(TRIM($K3)="REAL","REAL", IF(LEFT(TRIM($K3),6)="STRUCT","VARIANT", IF(LEFT(TRIM($K3),5)="ARRAY","VARIANT", IF(LEFT(TRIM($K3),3)="MAP","VARIANT", IF(LEFT(TRIM($K3),3)="ROW","VARIANT", "NONE" ))))))))))))))))) -> DATE | K3: =TRIM(ETLMetadata!$G3) -> DATE | L3: =TRIM(ETLMetadata!$I3) -> YYYY-MM-DD | M3: =IF(LEFT($K3,7)="VARCHAR","NULLIF(TRIM("&$I3&"),'')", IF(LEFT($K3,4)="CHAR","NULLIF(TRIM("&$I3&"),'')", IF(LEFT($K3,7)="DECIMAL","CAST(NULLIF(TRIM("&$I3&"),'') AS "&$K3&")", IF($K3="TIMESTAMP(6)","TO_TIMESTAMP_NTZ(NULLIF(TRIM("&$I3&"),''),'YYYY-MM-DD HH24:MI:SS.FF6')", IF($K3="DATE","TO_DATE(NULLIF(TRIM("&$I3&"),'') , 'YYYY-MM-DD')", IF($K3="BIGINT","CAST(NULLIF(TRIM("&I3&"),'') AS INTEGER)", IF($K3="BYTEINT","CAST(NULLIF(TRIM("&I3&"),'') AS SMALLINT)", IF($K3="SMALLINT","CAST(NULLIF(TRIM("&I3&"),'') AS SMALLINT)", IF($K3="INTEGER","CAST(NULLIF(TRIM("&I3&"),'') AS INTEGER)", IF($K3="BOOLEAN","CAST(NULLIF(TRIM("&I3&"),'') AS BOOLEAN)", IF($K3="DOUBLE","CAST(NULLIF(TRIM("&I3&"),'') AS DOUBLE)", IF($K3="FLOAT","CAST(NULLIF(TRIM("&I3&"),'') AS FLOAT)", IF($K3="REAL","CAST(NULLIF(TRIM("&I3&"),'') AS REAL)", IF(OR($K3="STRUCT",$K3="ARRAY",$K3="MAP",$K3="ROW"),"CAST(NULLIF(TRIM("&I3&"),'') AS VARIANT)", "NONE" )))))))))))))) -> TO_DATE(NULLIF(TRIM(LOGICAL_DELETE_DATE),'') , 'YYYY-MM-DD') | N3: =TRIM(ETLMetadata!$J3) | O3: =IF(TRIM(Classification!$G3)="","NOT CONFIDENTIAL",TRIM(Classification!$G3)) -> NOT CONFIDENTIAL | P3: =IF($C3="Start_Date","N", IF($C3="End_Date","N", IF($C3="Record_Deleted_Flag","N", IF($C3="IsDeleted","N", "Y" )))) -> Y | Q3: sysdate() | R3: 2958465 | S3: migration_pipeline | T3: current_timestamp() | U3: =CONCATENATE(A3,"_",B3,"_V") -> CLK_CIRC_PORT_PODT_V | V3: N
A4: =TRIM(ETLMetadata!$B4) -> CLK | B4: =TRIM(ETLMetadata!$C4) -> CIRC_PORT_PODT | C4: =TRIM(ETLMetadata!$F4) -> ENVIRONMENT_ID | D4: =TRIM(ETLMetadata!$H4) -> StringType() | E4: =CONCATENATE($A4,"_",B4) -> CLK_CIRC_PORT_PODT | F4: =IF($C4="Start_Date","STRT_DT", IF($C4="End_Date","END_DT", IF($C4="Record_Deleted_Flag","RCRD_DEL_IND", IF($C4="IsDeleted","RCRD_DEL_IND", $C4 )))) -> ENVIRONMENT_ID | G4: VARCHAR | H4: =CONCATENATE($A4,"_",$B4) -> CLK_CIRC_PORT_PODT | I4: =IF($C4="Start_Date","STRT_DT", IF($C4="End_Date","END_DT", IF($C4="Record_Deleted_Flag","RCRD_DEL_IND", IF($C4="IsDeleted","RCRD_DEL_IND", $C4 )))) -> ENVIRONMENT_ID | J4: =IF(LEFT(TRIM($K4),7)="VARCHAR","VARCHAR", IF(LEFT(TRIM($K4),4)="CHAR","VARCHAR", IF(TRIM($K4)="TIMESTAMP(6)","TIMESTAMP", IF(TRIM($K4)="DATE","DATE", IF(TRIM($K4)="BYTEINT","SMALLINT", IF(TRIM($K4)="SMALLINT","SMALLINT", IF(TRIM($K4)="INTEGER","INTEGER", IF(TRIM($K4)="BIGINT","INTEGER", IF(LEFT(TRIM($K4),7)="DECIMAL",TRIM($K4), IF(TRIM($K4)="BOOLEAN","BOOLEAN", IF(TRIM($K4)="DOUBLE","DOUBLE", IF(TRIM($K4)="FLOAT","FLOAT", IF(TRIM($K4)="REAL","REAL", IF(LEFT(TRIM($K4),6)="STRUCT","VARIANT", IF(LEFT(TRIM($K4),5)="ARRAY","VARIANT", IF(LEFT(TRIM($K4),3)="MAP","VARIANT", IF(LEFT(TRIM($K4),3)="ROW","VARIANT", "NONE" ))))))))))))))))) -> VARCHAR | K4: =TRIM(ETLMetadata!$G4) -> CHAR(1) | L4: =TRIM(ETLMetadata!$I4) | M4: =IF(LEFT($K4,7)="VARCHAR","NULLIF(TRIM("&$I4&"),'')", IF(LEFT($K4,4)="CHAR","NULLIF(TRIM("&$I4&"),'')", IF(LEFT($K4,7)="DECIMAL","CAST(NULLIF(TRIM("&$I4&"),'') AS "&$K4&")", IF($K4="TIMESTAMP(6)","TO_TIMESTAMP_NTZ(NULLIF(TRIM("&$I4&"),''),'YYYY-MM-DD HH24:MI:SS.FF6')", IF($K4="DATE","TO_DATE(NULLIF(TRIM("&$I4&"),'') , 'YYYY-MM-DD')", IF($K4="BIGINT","CAST(NULLIF(TRIM("&I4&"),'') AS INTEGER)", IF($K4="BYTEINT","CAST(NULLIF(TRIM("&I4&"),'') AS SMALLINT)", IF($K4="SMALLINT","CAST(NULLIF(TRIM("&I4&"),'') AS SMALLINT)", IF($K4="INTEGER","CAST(NULLIF(TRIM("&I4&"),'') AS INTEGER)", IF($K4="BOOLEAN","CAST(NULLIF(TRIM("&I4&"),'') AS BOOLEAN)", IF($K4="DOUBLE","CAST(NULLIF(TRIM("&I4&"),'') AS DOUBLE)", IF($K4="FLOAT","CAST(NULLIF(TRIM("&I4&"),'') AS FLOAT)", IF($K4="REAL","CAST(NULLIF(TRIM("&I4&"),'') AS REAL)", IF(OR($K4="STRUCT",$K4="ARRAY",$K4="MAP",$K4="ROW"),"CAST(NULLIF(TRIM("&I4&"),'') AS VARIANT)", "NONE" )))))))))))))) -> NULLIF(TRIM(ENVIRONMENT_ID),'') | N4: =TRIM(ETLMetadata!$J4) -> Y | O4: =IF(TRIM(Classification!$G4)="","NOT CONFIDENTIAL",TRIM(Classification!$G4)) -> NOT CONFIDENTIAL | P4: =IF($C4="Start_Date","N", IF($C4="End_Date","N", IF($C4="Record_Deleted_Flag","N", IF($C4="IsDeleted","N", "Y" )))) -> Y | Q4: sysdate() | R4: 2958465 | S4: migration_pipeline | T4: current_timestamp() | U4: =CONCATENATE(A4,"_",B4,"_V") -> CLK_CIRC_PORT_PODT_V | V4: N
A5: =TRIM(ETLMetadata!$B5) -> CLK | B5: =TRIM(ETLMetadata!$C5) -> CIRC_PORT_PODT | C5: =TRIM(ETLMetadata!$F5) -> PERSON_ID | D5: =TRIM(ETLMetadata!$H5) -> StringType() | E5: =CONCATENATE($A5,"_",B5) -> CLK_CIRC_PORT_PODT | F5: =IF($C5="Start_Date","STRT_DT", IF($C5="End_Date","END_DT", IF($C5="Record_Deleted_Flag","RCRD_DEL_IND", IF($C5="IsDeleted","RCRD_DEL_IND", $C5 )))) -> PERSON_ID | G5: VARCHAR | H5: =CONCATENATE($A5,"_",$B5) -> CLK_CIRC_PORT_PODT | I5: =IF($C5="Start_Date","STRT_DT", IF($C5="End_Date","END_DT", IF($C5="Record_Deleted_Flag","RCRD_DEL_IND", IF($C5="IsDeleted","RCRD_DEL_IND", $C5 )))) -> PERSON_ID | J5: =IF(LEFT(TRIM($K5),7)="VARCHAR","VARCHAR", IF(LEFT(TRIM($K5),4)="CHAR","VARCHAR", IF(TRIM($K5)="TIMESTAMP(6)","TIMESTAMP", IF(TRIM($K5)="DATE","DATE", IF(TRIM($K5)="BYTEINT","SMALLINT", IF(TRIM($K5)="SMALLINT","SMALLINT", IF(TRIM($K5)="INTEGER","INTEGER", IF(TRIM($K5)="BIGINT","INTEGER", IF(LEFT(TRIM($K5),7)="DECIMAL",TRIM($K5), IF(TRIM($K5)="BOOLEAN","BOOLEAN", IF(TRIM($K5)="DOUBLE","DOUBLE", IF(TRIM($K5)="FLOAT","FLOAT", IF(TRIM($K5)="REAL","REAL", IF(LEFT(TRIM($K5),6)="STRUCT","VARIANT", IF(LEFT(TRIM($K5),5)="ARRAY","VARIANT", IF(LEFT(TRIM($K5),3)="MAP","VARIANT", IF(LEFT(TRIM($K5),3)="ROW","VARIANT", "NONE" ))))))))))))))))) -> INTEGER | K5: =TRIM(ETLMetadata!$G5) -> INTEGER | L5: =TRIM(ETLMetadata!$I5) | M5: =IF(LEFT($K5,7)="VARCHAR","NULLIF(TRIM("&$I5&"),'')", IF(LEFT($K5,4)="CHAR","NULLIF(TRIM("&$I5&"),'')", IF(LEFT($K5,7)="DECIMAL","CAST(NULLIF(TRIM("&$I5&"),'') AS "&$K5&")", IF($K5="TIMESTAMP(6)","TO_TIMESTAMP_NTZ(NULLIF(TRIM("&$I5&"),''),'YYYY-MM-DD HH24:MI:SS.FF6')", IF($K5="DATE","TO_DATE(NULLIF(TRIM("&$I5&"),'') , 'YYYY-MM-DD')", IF($K5="BIGINT","CAST(NULLIF(TRIM("&I5&"),'') AS INTEGER)", IF($K5="BYTEINT","CAST(NULLIF(TRIM("&I5&"),'') AS SMALLINT)", IF($K5="SMALLINT","CAST(NULLIF(TRIM("&I5&"),'') AS SMALLINT)", IF($K5="INTEGER","CAST(NULLIF(TRIM("&I5&"),'') AS INTEGER)", IF($K5="BOOLEAN","CAST(NULLIF(TRIM("&I5&"),'') AS BOOLEAN)", IF($K5="DOUBLE","CAST(NULLIF(TRIM("&I5&"),'') AS DOUBLE)", IF($K5="FLOAT","CAST(NULLIF(TRIM("&I5&"),'') AS FLOAT)", IF($K5="REAL","CAST(NULLIF(TRIM("&I5&"),'') AS REAL)", IF(OR($K5="STRUCT",$K5="ARRAY",$K5="MAP",$K5="ROW"),"CAST(NULLIF(TRIM("&I5&"),'') AS VARIANT)", "NONE" )))))))))))))) -> CAST(NULLIF(TRIM(PERSON_ID),'') AS INTEGER) | N5: =TRIM(ETLMetadata!$J5) -> Y | O5: =IF(TRIM(Classification!$G5)="","NOT CONFIDENTIAL",TRIM(Classification!$G5)) -> PERSONAL_IDENTITYINFODIRECT | P5: =IF($C5="Start_Date","N", IF($C5="End_Date","N", IF($C5="Record_Deleted_Flag","N", IF($C5="IsDeleted","N", "Y" )))) -> Y | Q5: sysdate() | R5: 2958465 | S5: migration_pipeline | T5: current_timestamp() | U5: =CONCATENATE(A5,"_",B5,"_V") -> CLK_CIRC_PORT_PODT_V | V5: N
A6: =TRIM(ETLMetadata!$B6) -> CLK | B6: =TRIM(ETLMetadata!$C6) -> CIRC_PORT_PODT | C6: =TRIM(ETLMetadata!$F6) -> PROCESSING_SEQUENCE | D6: =TRIM(ETLMetadata!$H6) -> StringType() | E6: =CONCATENATE($A6,"_",B6) -> CLK_CIRC_PORT_PODT | F6: =IF($C6="Start_Date","STRT_DT", IF($C6="End_Date","END_DT", IF($C6="Record_Deleted_Flag","RCRD_DEL_IND", IF($C6="IsDeleted","RCRD_DEL_IND", $C6 )))) -> PROCESSING_SEQUENCE | G6: VARCHAR | H6: =CONCATENATE($A6,"_",$B6) -> CLK_CIRC_PORT_PODT | I6: =IF($C6="Start_Date","STRT_DT", IF($C6="End_Date","END_DT", IF($C6="Record_Deleted_Flag","RCRD_DEL_IND", IF($C6="IsDeleted","RCRD_DEL_IND", $C6 )))) -> PROCESSING_SEQUENCE | J6: =IF(LEFT(TRIM($K6),7)="VARCHAR","VARCHAR", IF(LEFT(TRIM($K6),4)="CHAR","VARCHAR", IF(TRIM($K6)="TIMESTAMP(6)","TIMESTAMP", IF(TRIM($K6)="DATE","DATE", IF(TRIM($K6)="BYTEINT","SMALLINT", IF(TRIM($K6)="SMALLINT","SMALLINT", IF(TRIM($K6)="INTEGER","INTEGER", IF(TRIM($K6)="BIGINT","INTEGER", IF(LEFT(TRIM($K6),7)="DECIMAL",TRIM($K6), IF(TRIM($K6)="BOOLEAN","BOOLEAN", IF(TRIM($K6)="DOUBLE","DOUBLE", IF(TRIM($K6)="FLOAT","FLOAT", IF(TRIM($K6)="REAL","REAL", IF(LEFT(TRIM($K6),6)="STRUCT","VARIANT", IF(LEFT(TRIM($K6),5)="ARRAY","VARIANT", IF(LEFT(TRIM($K6),3)="MAP","VARIANT", IF(LEFT(TRIM($K6),3)="ROW","VARIANT", "NONE" ))))))))))))))))) -> SMALLINT | K6: =TRIM(ETLMetadata!$G6) -> SMALLINT | L6: =TRIM(ETLMetadata!$I6) | M6: =IF(LEFT($K6,7)="VARCHAR","NULLIF(TRIM("&$I6&"),'')", IF(LEFT($K6,4)="CHAR","NULLIF(TRIM("&$I6&"),'')", IF(LEFT($K6,7)="DECIMAL","CAST(NULLIF(TRIM("&$I6&"),'') AS "&$K6&")", IF($K6="TIMESTAMP(6)","TO_TIMESTAMP_NTZ(NULLIF(TRIM("&$I6&"),''),'YYYY-MM-DD HH24:MI:SS.FF6')", IF($K6="DATE","TO_DATE(NULLIF(TRIM("&$I6&"),'') , 'YYYY-MM-DD')", IF($K6="BIGINT","CAST(NULLIF(TRIM("&I6&"),'') AS INTEGER)", IF($K6="BYTEINT","CAST(NULLIF(TRIM("&I6&"),'') AS SMALLINT)", IF($K6="SMALLINT","CAST(NULLIF(TRIM("&I6&"),'') AS SMALLINT)", IF($K6="INTEGER","CAST(NULLIF(TRIM("&I6&"),'') AS INTEGER)", IF($K6="BOOLEAN","CAST(NULLIF(TRIM("&I6&"),'') AS BOOLEAN)", IF($K6="DOUBLE","CAST(NULLIF(TRIM("&I6&"),'') AS DOUBLE)", IF($K6="FLOAT","CAST(NULLIF(TRIM("&I6&"),'') AS FLOAT)", IF($K6="REAL","CAST(NULLIF(TRIM("&I6&"),'') AS REAL)", IF(OR($K6="STRUCT",$K6="ARRAY",$K6="MAP",$K6="ROW"),"CAST(NULLIF(TRIM("&I6&"),'') AS VARIANT)", "NONE" )))))))))))))) -> CAST(NULLIF(TRIM(PROCESSING_SEQUENCE),'') AS SMALLINT) | N6: =TRIM(ETLMetadata!$J6) -> Y | O6: =IF(TRIM(Classification!$G6)="","NOT CONFIDENTIAL",TRIM(Classification!$G6)) -> NOT CONFIDENTIAL | P6: =IF($C6="Start_Date","N", IF($C6="End_Date","N", IF($C6="Record_Deleted_Flag","N", IF($C6="IsDeleted","N", "Y" )))) -> Y | Q6: sysdate() | R6: 2958465 | S6: migration_pipeline | T6: current_timestamp() | U6: =CONCATENATE(A6,"_",B6,"_V") -> CLK_CIRC_PORT_PODT_V | V6: N
A7: =TRIM(ETLMetadata!$B7) -> CLK | B7: =TRIM(ETLMetadata!$C7) -> CIRC_PORT_PODT | C7: =TRIM(ETLMetadata!$F7) -> PODT_AMR_1 | D7: =TRIM(ETLMetadata!$H7) -> StringType() | E7: =CONCATENATE($A7,"_",B7) -> CLK_CIRC_PORT_PODT | F7: =IF($C7="Start_Date","STRT_DT", IF($C7="End_Date","END_DT", IF($C7="Record_Deleted_Flag","RCRD_DEL_IND", IF($C7="IsDeleted","RCRD_DEL_IND", $C7 )))) -> PODT_AMR_1 | G7: VARCHAR | H7: =CONCATENATE($A7,"_",$B7) -> CLK_CIRC_PORT_PODT | I7: =IF($C7="Start_Date","STRT_DT", IF($C7="End_Date","END_DT", IF($C7="Record_Deleted_Flag","RCRD_DEL_IND", IF($C7="IsDeleted","RCRD_DEL_IND", $C7 )))) -> PODT_AMR_1 | J7: =IF(LEFT(TRIM($K7),7)="VARCHAR","VARCHAR", IF(LEFT(TRIM($K7),4)="CHAR","VARCHAR", IF(TRIM($K7)="TIMESTAMP(6)","TIMESTAMP", IF(TRIM($K7)="DATE","DATE", IF(TRIM($K7)="BYTEINT","SMALLINT", IF(TRIM($K7)="SMALLINT","SMALLINT", IF(TRIM($K7)="INTEGER","INTEGER", IF(TRIM($K7)="BIGINT","INTEGER", IF(LEFT(TRIM($K7),7)="DECIMAL",TRIM($K7), IF(TRIM($K7)="BOOLEAN","BOOLEAN", IF(TRIM($K7)="DOUBLE","DOUBLE", IF(TRIM($K7)="FLOAT","FLOAT", IF(TRIM($K7)="REAL","REAL", IF(LEFT(TRIM($K7),6)="STRUCT","VARIANT", IF(LEFT(TRIM($K7),5)="ARRAY","VARIANT", IF(LEFT(TRIM($K7),3)="MAP","VARIANT", IF(LEFT(TRIM($K7),3)="ROW","VARIANT", "NONE" ))))))))))))))))) -> VARCHAR | K7: =TRIM(ETLMetadata!$G7) -> CHAR(4) | L7: =TRIM(ETLMetadata!$I7) | M7: =IF(LEFT($K7,7)="VARCHAR","NULLIF(TRIM("&$I7&"),'')", IF(LEFT($K7,4)="CHAR","NULLIF(TRIM("&$I7&"),'')", IF(LEFT($K7,7)="DECIMAL","CAST(NULLIF(TRIM("&$I7&"),'') AS "&$K7&")", IF($K7="TIMESTAMP(6)","TO_TIMESTAMP_NTZ(NULLIF(TRIM("&$I7&"),''),'YYYY-MM-DD HH24:MI:SS.FF6')", IF($K7="DATE","TO_DATE(NULLIF(TRIM("&$I7&"),'') , 'YYYY-MM-DD')", IF($K7="BIGINT","CAST(NULLIF(TRIM("&I7&"),'') AS INTEGER)", IF($K7="BYTEINT","CAST(NULLIF(TRIM("&I7&"),'') AS SMALLINT)", IF($K7="SMALLINT","CAST(NULLIF(TRIM("&I7&"),'') AS SMALLINT)", IF($K7="INTEGER","CAST(NULLIF(TRIM("&I7&"),'') AS INTEGER)", IF($K7="BOOLEAN","CAST(NULLIF(TRIM("&I7&"),'') AS BOOLEAN)", IF($K7="DOUBLE","CAST(NULLIF(TRIM("&I7&"),'') AS DOUBLE)", IF($K7="FLOAT","CAST(NULLIF(TRIM("&I7&"),'') AS FLOAT)", IF($K7="REAL","CAST(NULLIF(TRIM("&I7&"),'') AS REAL)", IF(OR($K7="STRUCT",$K7="ARRAY",$K7="MAP",$K7="ROW"),"CAST(NULLIF(TRIM("&I7&"),'') AS VARIANT)", "NONE" )))))))))))))) -> NULLIF(TRIM(PODT_AMR_1),'') | N7: =TRIM(ETLMetadata!$J7) | O7: =IF(TRIM(Classification!$G7)="","NOT CONFIDENTIAL",TRIM(Classification!$G7)) -> NOT CONFIDENTIAL | P7: =IF($C7="Start_Date","N", IF($C7="End_Date","N", IF($C7="Record_Deleted_Flag","N", IF($C7="IsDeleted","N", "Y" )))) -> Y | Q7: sysdate() | R7: 2958465 | S7: migration_pipeline | T7: current_timestamp() | U7: =CONCATENATE(A7,"_",B7,"_V") -> CLK_CIRC_PORT_PODT_V | V7: N
A8: =TRIM(ETLMetadata!$B8) -> CLK | B8: =TRIM(ETLMetadata!$C8) -> CIRC_PORT_PODT | C8: =TRIM(ETLMetadata!$F8) -> PODT_AMR_2 | D8: =TRIM(ETLMetadata!$H8) -> StringType() | E8: =CONCATENATE($A8,"_",B8) -> CLK_CIRC_PORT_PODT | F8: =IF($C8="Start_Date","STRT_DT", IF($C8="End_Date","END_DT", IF($C8="Record_Deleted_Flag","RCRD_DEL_IND", IF($C8="IsDeleted","RCRD_DEL_IND", $C8 )))) -> PODT_AMR_2 | G8: VARCHAR | H8: =CONCATENATE($A8,"_",$B8) -> CLK_CIRC_PORT_PODT | I8: =IF($C8="Start_Date","STRT_DT", IF($C8="End_Date","END_DT", IF($C8="Record_Deleted_Flag","RCRD_DEL_IND", IF($C8="IsDeleted","RCRD_DEL_IND", $C8 )))) -> PODT_AMR_2 | J8: =IF(LEFT(TRIM($K8),7)="VARCHAR","VARCHAR", IF(LEFT(TRIM($K8),4)="CHAR","VARCHAR", IF(TRIM($K8)="TIMESTAMP(6)","TIMESTAMP", IF(TRIM($K8)="DATE","DATE", IF(TRIM($K8)="BYTEINT","SMALLINT", IF(TRIM($K8)="SMALLINT","SMALLINT", IF(TRIM($K8)="INTEGER","INTEGER", IF(TRIM($K8)="BIGINT","INTEGER", IF(LEFT(TRIM($K8),7)="DECIMAL",TRIM($K8), IF(TRIM($K8)="BOOLEAN","BOOLEAN", IF(TRIM($K8)="DOUBLE","DOUBLE", IF(TRIM($K8)="FLOAT","FLOAT", IF(TRIM($K8)="REAL","REAL", IF(LEFT(TRIM($K8),6)="STRUCT","VARIANT", IF(LEFT(TRIM($K8),5)="ARRAY","VARIANT", IF(LEFT(TRIM($K8),3)="MAP","VARIANT", IF(LEFT(TRIM($K8),3)="ROW","VARIANT", "NONE" ))))))))))))))))) -> VARCHAR | K8: =TRIM(ETLMetadata!$G8) -> CHAR(1) | L8: =TRIM(ETLMetadata!$I8) | M8: =IF(LEFT($K8,7)="VARCHAR","NULLIF(TRIM("&$I8&"),'')", IF(LEFT($K8,4)="CHAR","NULLIF(TRIM("&$I8&"),'')", IF(LEFT($K8,7)="DECIMAL","CAST(NULLIF(TRIM("&$I8&"),'') AS "&$K8&")", IF($K8="TIMESTAMP(6)","TO_TIMESTAMP_NTZ(NULLIF(TRIM("&$I8&"),''),'YYYY-MM-DD HH24:MI:SS.FF6')", IF($K8="DATE","TO_DATE(NULLIF(TRIM("&$I8&"),'') , 'YYYY-MM-DD')", IF($K8="BIGINT","CAST(NULLIF(TRIM("&I8&"),'') AS INTEGER)", IF($K8="BYTEINT","CAST(NULLIF(TRIM("&I8&"),'') AS SMALLINT)", IF($K8="SMALLINT","CAST(NULLIF(TRIM("&I8&"),'') AS SMALLINT)", IF($K8="INTEGER","CAST(NULLIF(TRIM("&I8&"),'') AS INTEGER)", IF($K8="BOOLEAN","CAST(NULLIF(TRIM("&I8&"),'') AS BOOLEAN)", IF($K8="DOUBLE","CAST(NULLIF(TRIM("&I8&"),'') AS DOUBLE)", IF($K8="FLOAT","CAST(NULLIF(TRIM("&I8&"),'') AS FLOAT)", IF($K8="REAL","CAST(NULLIF(TRIM("&I8&"),'') AS REAL)", IF(OR($K8="STRUCT",$K8="ARRAY",$K8="MAP",$K8="ROW"),"CAST(NULLIF(TRIM("&I8&"),'') AS VARIANT)", "NONE" )))))))))))))) -> NULLIF(TRIM(PODT_AMR_2),'') | N8: =TRIM(ETLMetadata!$J8) | O8: =IF(TRIM(Classification!$G8)="","NOT CONFIDENTIAL",TRIM(Classification!$G8)) -> NOT CONFIDENTIAL | P8: =IF($C8="Start_Date","N", IF($C8="End_Date","N", IF($C8="Record_Deleted_Flag","N", IF($C8="IsDeleted","N", "Y" )))) -> Y | Q8: sysdate() | R8: 2958465 | S8: migration_pipeline | T8: current_timestamp() | U8: =CONCATENATE(A8,"_",B8,"_V") -> CLK_CIRC_PORT_PODT_V | V8: N
A9: =TRIM(ETLMetadata!$B9) -> CLK | B9: =TRIM(ETLMetadata!$C9) -> CIRC_PORT_PODT | C9: =TRIM(ETLMetadata!$F9) -> PODT_AMR_3 | D9: =TRIM(ETLMetadata!$H9) -> StringType() | E9: =CONCATENATE($A9,"_",B9) -> CLK_CIRC_PORT_PODT | F9: =IF($C9="Start_Date","STRT_DT", IF($C9="End_Date","END_DT", IF($C9="Record_Deleted_Flag","RCRD_DEL_IND", IF($C9="IsDeleted","RCRD_DEL_IND", $C9 )))) -> PODT_AMR_3 | G9: VARCHAR | H9: =CONCATENATE($A9,"_",$B9) -> CLK_CIRC_PORT_PODT | I9: =IF($C9="Start_Date","STRT_DT", IF($C9="End_Date","END_DT", IF($C9="Record_Deleted_Flag","RCRD_DEL_IND", IF($C9="IsDeleted","RCRD_DEL_IND", $C9 )))) -> PODT_AMR_3 | J9: =IF(LEFT(TRIM($K9),7)="VARCHAR","VARCHAR", IF(LEFT(TRIM($K9),4)="CHAR","VARCHAR", IF(TRIM($K9)="TIMESTAMP(6)","TIMESTAMP", IF(TRIM($K9)="DATE","DATE", IF(TRIM($K9)="BYTEINT","SMALLINT", IF(TRIM($K9)="SMALLINT","SMALLINT", IF(TRIM($K9)="INTEGER","INTEGER", IF(TRIM($K9)="BIGINT","INTEGER", IF(LEFT(TRIM($K9),7)="DECIMAL",TRIM($K9), IF(TRIM($K9)="BOOLEAN","BOOLEAN", IF(TRIM($K9)="DOUBLE","DOUBLE", IF(TRIM($K9)="FLOAT","FLOAT", IF(TRIM($K9)="REAL","REAL", IF(LEFT(TRIM($K9),6)="STRUCT","VARIANT", IF(LEFT(TRIM($K9),5)="ARRAY","VARIANT", IF(LEFT(TRIM($K9),3)="MAP","VARIANT", IF(LEFT(TRIM($K9),3)="ROW","VARIANT", "NONE" ))))))))))))))))) -> VARCHAR | K9: =TRIM(ETLMetadata!$G9) -> CHAR(4) | L9: =TRIM(ETLMetadata!$I9) | M9: =IF(LEFT($K9,7)="VARCHAR","NULLIF(TRIM("&$I9&"),'')", IF(LEFT($K9,4)="CHAR","NULLIF(TRIM("&$I9&"),'')", IF(LEFT($K9,7)="DECIMAL","CAST(NULLIF(TRIM("&$I9&"),'') AS "&$K9&")", IF($K9="TIMESTAMP(6)","TO_TIMESTAMP_NTZ(NULLIF(TRIM("&$I9&"),''),'YYYY-MM-DD HH24:MI:SS.FF6')", IF($K9="DATE","TO_DATE(NULLIF(TRIM("&$I9&"),'') , 'YYYY-MM-DD')", IF($K9="BIGINT","CAST(NULLIF(TRIM("&I9&"),'') AS INTEGER)", IF($K9="BYTEINT","CAST(NULLIF(TRIM("&I9&"),'') AS SMALLINT)", IF($K9="SMALLINT","CAST(NULLIF(TRIM("&I9&"),'') AS SMALLINT)", IF($K9="INTEGER","CAST(NULLIF(TRIM("&I9&"),'') AS INTEGER)", IF($K9="BOOLEAN","CAST(NULLIF(TRIM("&I9&"),'') AS BOOLEAN)", IF($K9="DOUBLE","CAST(NULLIF(TRIM("&I9&"),'') AS DOUBLE)", IF($K9="FLOAT","CAST(NULLIF(TRIM("&I9&"),'') AS FLOAT)", IF($K9="REAL","CAST(NULLIF(TRIM("&I9&"),'') AS REAL)", IF(OR($K9="STRUCT",$K9="ARRAY",$K9="MAP",$K9="ROW"),"CAST(NULLIF(TRIM("&I9&"),'') AS VARIANT)", "NONE" )))))))))))))) -> NULLIF(TRIM(PODT_AMR_3),'') | N9: =TRIM(ETLMetadata!$J9) | O9: =IF(TRIM(Classification!$G9)="","NOT CONFIDENTIAL",TRIM(Classification!$G9)) -> NOT CONFIDENTIAL | P9: =IF($C9="Start_Date","N", IF($C9="End_Date","N", IF($C9="Record_Deleted_Flag","N", IF($C9="IsDeleted","N", "Y" )))) -> Y | Q9: sysdate() | R9: 2958465 | S9: migration_pipeline | T9: current_timestamp() | U9: =CONCATENATE(A9,"_",B9,"_V") -> CLK_CIRC_PORT_PODT_V | V9: N
A10: =TRIM(ETLMetadata!$B10) -> CLK | B10: =TRIM(ETLMetadata!$C10) -> CIRC_PORT_PODT | C10: =TRIM(ETLMetadata!$F10) -> PODT_EXPCT_STAY_LEN_CODE | D10: =TRIM(ETLMetadata!$H10) -> StringType() | E10: =CONCATENATE($A10,"_",B10) -> CLK_CIRC_PORT_PODT | F10: =IF($C10="Start_Date","STRT_DT", IF($C10="End_Date","END_DT", IF($C10="Record_Deleted_Flag","RCRD_DEL_IND", IF($C10="IsDeleted","RCRD_DEL_IND", $C10 )))) -> PODT_EXPCT_STAY_LEN_CODE | G10: VARCHAR | H10: =CONCATENATE($A10,"_",$B10) -> CLK_CIRC_PORT_PODT | I10: =IF($C10="Start_Date","STRT_DT", IF($C10="End_Date","END_DT", IF($C10="Record_Deleted_Flag","RCRD_DEL_IND", IF($C10="IsDeleted","RCRD_DEL_IND", $C10 )))) -> PODT_EXPCT_STAY_LEN_CODE | J10: =IF(LEFT(TRIM($K10),7)="VARCHAR","VARCHAR", IF(LEFT(TRIM($K10),4)="CHAR","VARCHAR", IF(TRIM($K10)="TIMESTAMP(6)","TIMESTAMP", IF(TRIM($K10)="DATE","DATE", IF(TRIM($K10)="BYTEINT","SMALLINT", IF(TRIM($K10)="SMALLINT","SMALLINT", IF(TRIM($K10)="INTEGER","INTEGER", IF(TRIM($K10)="BIGINT","INTEGER", IF(LEFT(TRIM($K10),7)="DECIMAL",TRIM($K10), IF(TRIM($K10)="BOOLEAN","BOOLEAN", IF(TRIM($K10)="DOUBLE","DOUBLE", IF(TRIM($K10)="FLOAT","FLOAT", IF(TRIM($K10)="REAL","REAL", IF(LEFT(TRIM($K10),6)="STRUCT","VARIANT", IF(LEFT(TRIM($K10),5)="ARRAY","VARIANT", IF(LEFT(TRIM($K10),3)="MAP","VARIANT", IF(LEFT(TRIM($K10),3)="ROW","VARIANT", "NONE" ))))))))))))))))) -> VARCHAR | K10: =TRIM(ETLMetadata!$G10) -> CHAR(3) | L10: =TRIM(ETLMetadata!$I10) | M10: =IF(LEFT($K10,7)="VARCHAR","NULLIF(TRIM("&$I10&"),'')", IF(LEFT($K10,4)="CHAR","NULLIF(TRIM("&$I10&"),'')", IF(LEFT($K10,7)="DECIMAL","CAST(NULLIF(TRIM("&$I10&"),'') AS "&$K10&")", IF($K10="TIMESTAMP(6)","TO_TIMESTAMP_NTZ(NULLIF(TRIM("&$I10&"),''),'YYYY-MM-DD HH24:MI:SS.FF6')", IF($K10="DATE","TO_DATE(NULLIF(TRIM("&$I10&"),'') , 'YYYY-MM-DD')", IF($K10="BIGINT","CAST(NULLIF(TRIM("&I10&"),'') AS INTEGER)", IF($K10="BYTEINT","CAST(NULLIF(TRIM("&I10&"),'') AS SMALLINT)", IF($K10="SMALLINT","CAST(NULLIF(TRIM("&I10&"),'') AS SMALLINT)", IF($K10="INTEGER","CAST(NULLIF(TRIM("&I10&"),'') AS INTEGER)", IF($K10="BOOLEAN","CAST(NULLIF(TRIM("&I10&"),'') AS BOOLEAN)", IF($K10="DOUBLE","CAST(NULLIF(TRIM("&I10&"),'') AS DOUBLE)", IF($K10="FLOAT","CAST(NULLIF(TRIM("&I10&"),'') AS FLOAT)", IF($K10="REAL","CAST(NULLIF(TRIM("&I10&"),'') AS REAL)", IF(OR($K10="STRUCT",$K10="ARRAY",$K10="MAP",$K10="ROW"),"CAST(NULLIF(TRIM("&I10&"),'') AS VARIANT)", "NONE" )))))))))))))) -> NULLIF(TRIM(PODT_EXPCT_STAY_LEN_CODE),'') | N10: =TRIM(ETLMetadata!$J10) | O10: =IF(TRIM(Classification!$G10)="","NOT CONFIDENTIAL",TRIM(Classification!$G10)) -> NOT CONFIDENTIAL | P10: =IF($C10="Start_Date","N", IF($C10="End_Date","N", IF($C10="Record_Deleted_Flag","N", IF($C10="IsDeleted","N", "Y" )))) -> Y | Q10: sysdate() | R10: 2958465 | S10: migration_pipeline | T10: current_timestamp() | U10: =CONCATENATE(A10,"_",B10,"_V") -> CLK_CIRC_PORT_PODT_V | V10: N
A11: =TRIM(ETLMetadata!$B11) -> CLK | B11: =TRIM(ETLMetadata!$C11) -> CIRC_PORT_PODT | C11: =TRIM(ETLMetadata!$F11) -> PODT_AUS_DPRT_DATE | D11: =TRIM(ETLMetadata!$H11) -> StringType() | E11: =CONCATENATE($A11,"_",B11) -> CLK_CIRC_PORT_PODT | F11: =IF($C11="Start_Date","STRT_DT", IF($C11="End_Date","END_DT", IF($C11="Record_Deleted_Flag","RCRD_DEL_IND", IF($C11="IsDeleted","RCRD_DEL_IND", $C11 )))) -> PODT_AUS_DPRT_DATE | G11: VARCHAR | H11: =CONCATENATE($A11,"_",$B11) -> CLK_CIRC_PORT_PODT | I11: =IF($C11="Start_Date","STRT_DT", IF($C11="End_Date","END_DT", IF($C11="Record_Deleted_Flag","RCRD_DEL_IND", IF($C11="IsDeleted","RCRD_DEL_IND", $C11 )))) -> PODT_AUS_DPRT_DATE | J11: =IF(LEFT(TRIM($K11),7)="VARCHAR","VARCHAR", IF(LEFT(TRIM($K11),4)="CHAR","VARCHAR", IF(TRIM($K11)="TIMESTAMP(6)","TIMESTAMP", IF(TRIM($K11)="DATE","DATE", IF(TRIM($K11)="BYTEINT","SMALLINT", IF(TRIM($K11)="SMALLINT","SMALLINT", IF(TRIM($K11)="INTEGER","INTEGER", IF(TRIM($K11)="BIGINT","INTEGER", IF(LEFT(TRIM($K11),7)="DECIMAL",TRIM($K11), IF(TRIM($K11)="BOOLEAN","BOOLEAN", IF(TRIM($K11)="DOUBLE","DOUBLE", IF(TRIM($K11)="FLOAT","FLOAT", IF(TRIM($K11)="REAL","REAL", IF(LEFT(TRIM($K11),6)="STRUCT","VARIANT", IF(LEFT(TRIM($K11),5)="ARRAY","VARIANT", IF(LEFT(TRIM($K11),3)="MAP","VARIANT", IF(LEFT(TRIM($K11),3)="ROW","VARIANT", "NONE" ))))))))))))))))) -> DATE | K11: DATE | L11: =TRIM(ETLMetadata!$I11) -> YYYY-MM-DD | M11: =IF(LEFT($K11,7)="VARCHAR","NULLIF(TRIM("&$I11&"),'')", IF(LEFT($K11,4)="CHAR","NULLIF(TRIM("&$I11&"),'')", IF(LEFT($K11,7)="DECIMAL","CAST(NULLIF(TRIM("&$I11&"),'') AS "&$K11&")", IF($K11="TIMESTAMP(6)","TO_TIMESTAMP_NTZ(NULLIF(TRIM("&$I11&"),''),'YYYY-MM-DD HH24:MI:SS.FF6')", IF($K11="DATE","TO_DATE(NULLIF(TRIM("&$I11&"),'') , 'YYYY-MM-DD')", IF($K11="BIGINT","CAST(NULLIF(TRIM("&I11&"),'') AS INTEGER)", IF($K11="BYTEINT","CAST(NULLIF(TRIM("&I11&"),'') AS SMALLINT)", IF($K11="SMALLINT","CAST(NULLIF(TRIM("&I11&"),'') AS SMALLINT)", IF($K11="INTEGER","CAST(NULLIF(TRIM("&I11&"),'') AS INTEGER)", IF($K11="BOOLEAN","CAST(NULLIF(TRIM("&I11&"),'') AS BOOLEAN)", IF($K11="DOUBLE","CAST(NULLIF(TRIM("&I11&"),'') AS DOUBLE)", IF($K11="FLOAT","CAST(NULLIF(TRIM("&I11&"),'') AS FLOAT)", IF($K11="REAL","CAST(NULLIF(TRIM("&I11&"),'') AS REAL)", IF(OR($K11="STRUCT",$K11="ARRAY",$K11="MAP",$K11="ROW"),"CAST(NULLIF(TRIM("&I11&"),'') AS VARIANT)", "NONE" )))))))))))))) -> TO_DATE(NULLIF(TRIM(PODT_AUS_DPRT_DATE),'') , 'YYYY-MM-DD') | N11: =TRIM(ETLMetadata!$J11) | O11: =IF(TRIM(Classification!$G11)="","NOT CONFIDENTIAL",TRIM(Classification!$G11)) -> NOT CONFIDENTIAL | P11: =IF($C11="Start_Date","N", IF($C11="End_Date","N", IF($C11="Record_Deleted_Flag","N", IF($C11="IsDeleted","N", "Y" )))) -> Y | Q11: sysdate() | R11: 2958465 | S11: migration_pipeline | T11: current_timestamp() | U11: =CONCATENATE(A11,"_",B11,"_V") -> CLK_CIRC_PORT_PODT_V | V11: N
A12: =TRIM(ETLMetadata!$B12) -> CLK | B12: =TRIM(ETLMetadata!$C12) -> CIRC_PORT_PODT | C12: =TRIM(ETLMetadata!$F12) -> PODT_AUS_DPRT_DATE_ORIG | D12: =TRIM(ETLMetadata!$H12) -> StringType() | E12: =CONCATENATE($A12,"_",B12) -> CLK_CIRC_PORT_PODT | F12: =IF($C12="Start_Date","STRT_DT", IF($C12="End_Date","END_DT", IF($C12="Record_Deleted_Flag","RCRD_DEL_IND", IF($C12="IsDeleted","RCRD_DEL_IND", $C12 )))) -> PODT_AUS_DPRT_DATE_ORIG | G12: VARCHAR | H12: =CONCATENATE($A12,"_",$B12) -> CLK_CIRC_PORT_PODT | I12: =IF($C12="Start_Date","STRT_DT", IF($C12="End_Date","END_DT", IF($C12="Record_Deleted_Flag","RCRD_DEL_IND", IF($C12="IsDeleted","RCRD_DEL_IND", $C12 )))) -> PODT_AUS_DPRT_DATE_ORIG | J12: =IF(LEFT(TRIM($K12),7)="VARCHAR","VARCHAR", IF(LEFT(TRIM($K12),4)="CHAR","VARCHAR", IF(TRIM($K12)="TIMESTAMP(6)","TIMESTAMP", IF(TRIM($K12)="DATE","DATE", IF(TRIM($K12)="BYTEINT","SMALLINT", IF(TRIM($K12)="SMALLINT","SMALLINT", IF(TRIM($K12)="INTEGER","INTEGER", IF(TRIM($K12)="BIGINT","INTEGER", IF(LEFT(TRIM($K12),7)="DECIMAL",TRIM($K12), IF(TRIM($K12)="BOOLEAN","BOOLEAN", IF(TRIM($K12)="DOUBLE","DOUBLE", IF(TRIM($K12)="FLOAT","FLOAT", IF(TRIM($K12)="REAL","REAL", IF(LEFT(TRIM($K12),6)="STRUCT","VARIANT", IF(LEFT(TRIM($K12),5)="ARRAY","VARIANT", IF(LEFT(TRIM($K12),3)="MAP","VARIANT", IF(LEFT(TRIM($K12),3)="ROW","VARIANT", "NONE" ))))))))))))))))) -> INTEGER | K12: INTEGER | L12: =TRIM(ETLMetadata!$I12) | M12: =IF(LEFT($K12,7)="VARCHAR","NULLIF(TRIM("&$I12&"),'')", IF(LEFT($K12,4)="CHAR","NULLIF(TRIM("&$I12&"),'')", IF(LEFT($K12,7)="DECIMAL","CAST(NULLIF(TRIM("&$I12&"),'') AS "&$K12&")", IF($K12="TIMESTAMP(6)","TO_TIMESTAMP_NTZ(NULLIF(TRIM("&$I12&"),''),'YYYY-MM-DD HH24:MI:SS.FF6')", IF($K12="DATE","TO_DATE(NULLIF(TRIM("&$I12&"),'') , 'YYYY-MM-DD')", IF($K12="BIGINT","CAST(NULLIF(TRIM("&I12&"),'') AS INTEGER)", IF($K12="BYTEINT","CAST(NULLIF(TRIM("&I12&"),'') AS SMALLINT)", IF($K12="SMALLINT","CAST(NULLIF(TRIM("&I12&"),'') AS SMALLINT)", IF($K12="INTEGER","CAST(NULLIF(TRIM("&I12&"),'') AS INTEGER)", IF($K12="BOOLEAN","CAST(NULLIF(TRIM("&I12&"),'') AS BOOLEAN)", IF($K12="DOUBLE","CAST(NULLIF(TRIM("&I12&"),'') AS DOUBLE)", IF($K12="FLOAT","CAST(NULLIF(TRIM("&I12&"),'') AS FLOAT)", IF($K12="REAL","CAST(NULLIF(TRIM("&I12&"),'') AS REAL)", IF(OR($K12="STRUCT",$K12="ARRAY",$K12="MAP",$K12="ROW"),"CAST(NULLIF(TRIM("&I12&"),'') AS VARIANT)", "NONE" )))))))))))))) -> CAST(NULLIF(TRIM(PODT_AUS_DPRT_DATE_ORIG),'') AS INTEGER) | N12: =TRIM(ETLMetadata!$J12) | O12: =IF(TRIM(Classification!$G12)="","NOT CONFIDENTIAL",TRIM(Classification!$G12)) -> NOT CONFIDENTIAL | P12: =IF($C12="Start_Date","N", IF($C12="End_Date","N", IF($C12="Record_Deleted_Flag","N", IF($C12="IsDeleted","N", "Y" )))) -> Y | Q12: sysdate() | R12: 2958465 | S12: migration_pipeline | T12: current_timestamp() | U12: =CONCATENATE(A12,"_",B12,"_V") -> CLK_CIRC_PORT_PODT_V | V12: N
A13: =TRIM(ETLMetadata!$B13) -> CLK | B13: =TRIM(ETLMetadata!$C13) -> CIRC_PORT_PODT | C13: =TRIM(ETLMetadata!$F13) -> PODT_AUS_RTN_DATE | D13: =TRIM(ETLMetadata!$H13) -> StringType() | E13: =CONCATENATE($A13,"_",B13) -> CLK_CIRC_PORT_PODT | F13: =IF($C13="Start_Date","STRT_DT", IF($C13="End_Date","END_DT", IF($C13="Record_Deleted_Flag","RCRD_DEL_IND", IF($C13="IsDeleted","RCRD_DEL_IND", $C13 )))) -> PODT_AUS_RTN_DATE | G13: VARCHAR | H13: =CONCATENATE($A13,"_",$B13) -> CLK_CIRC_PORT_PODT | I13: =IF($C13="Start_Date","STRT_DT", IF($C13="End_Date","END_DT", IF($C13="Record_Deleted_Flag","RCRD_DEL_IND", IF($C13="IsDeleted","RCRD_DEL_IND", $C13 )))) -> PODT_AUS_RTN_DATE | J13: =IF(LEFT(TRIM($K13),7)="VARCHAR","VARCHAR", IF(LEFT(TRIM($K13),4)="CHAR","VARCHAR", IF(TRIM($K13)="TIMESTAMP(6)","TIMESTAMP", IF(TRIM($K13)="DATE","DATE", IF(TRIM($K13)="BYTEINT","SMALLINT", IF(TRIM($K13)="SMALLINT","SMALLINT", IF(TRIM($K13)="INTEGER","INTEGER", IF(TRIM($K13)="BIGINT","INTEGER", IF(LEFT(TRIM($K13),7)="DECIMAL",TRIM($K13), IF(TRIM($K13)="BOOLEAN","BOOLEAN", IF(TRIM($K13)="DOUBLE","DOUBLE", IF(TRIM($K13)="FLOAT","FLOAT", IF(TRIM($K13)="REAL","REAL", IF(LEFT(TRIM($K13),6)="STRUCT","VARIANT", IF(LEFT(TRIM($K13),5)="ARRAY","VARIANT", IF(LEFT(TRIM($K13),3)="MAP","VARIANT", IF(LEFT(TRIM($K13),3)="ROW","VARIANT", "NONE" ))))))))))))))))) -> DATE | K13: DATE | L13: =TRIM(ETLMetadata!$I13) -> YYYY-MM-DD | M13: =IF(LEFT($K13,7)="VARCHAR","NULLIF(TRIM("&$I13&"),'')", IF(LEFT($K13,4)="CHAR","NULLIF(TRIM("&$I13&"),'')", IF(LEFT($K13,7)="DECIMAL","CAST(NULLIF(TRIM("&$I13&"),'') AS "&$K13&")", IF($K13="TIMESTAMP(6)","TO_TIMESTAMP_NTZ(NULLIF(TRIM("&$I13&"),''),'YYYY-MM-DD HH24:MI:SS.FF6')", IF($K13="DATE","TO_DATE(NULLIF(TRIM("&$I13&"),'') , 'YYYY-MM-DD')", IF($K13="BIGINT","CAST(NULLIF(TRIM("&I13&"),'') AS INTEGER)", IF($K13="BYTEINT","CAST(NULLIF(TRIM("&I13&"),'') AS SMALLINT)", IF($K13="SMALLINT","CAST(NULLIF(TRIM("&I13&"),'') AS SMALLINT)", IF($K13="INTEGER","CAST(NULLIF(TRIM("&I13&"),'') AS INTEGER)", IF($K13="BOOLEAN","CAST(NULLIF(TRIM("&I13&"),'') AS BOOLEAN)", IF($K13="DOUBLE","CAST(NULLIF(TRIM("&I13&"),'') AS DOUBLE)", IF($K13="FLOAT","CAST(NULLIF(TRIM("&I13&"),'') AS FLOAT)", IF($K13="REAL","CAST(NULLIF(TRIM("&I13&"),'') AS REAL)", IF(OR($K13="STRUCT",$K13="ARRAY",$K13="MAP",$K13="ROW"),"CAST(NULLIF(TRIM("&I13&"),'') AS VARIANT)", "NONE" )))))))))))))) -> TO_DATE(NULLIF(TRIM(PODT_AUS_RTN_DATE),'') , 'YYYY-MM-DD') | N13: =TRIM(ETLMetadata!$J13) | O13: =IF(TRIM(Classification!$G13)="","NOT CONFIDENTIAL",TRIM(Classification!$G13)) -> NOT CONFIDENTIAL | P13: =IF($C13="Start_Date","N", IF($C13="End_Date","N", IF($C13="Record_Deleted_Flag","N", IF($C13="IsDeleted","N", "Y" )))) -> Y | Q13: sysdate() | R13: 2958465 | S13: migration_pipeline | T13: current_timestamp() | U13: =CONCATENATE(A13,"_",B13,"_V") -> CLK_CIRC_PORT_PODT_V | V13: N
A14: =TRIM(ETLMetadata!$B14) -> CLK | B14: =TRIM(ETLMetadata!$C14) -> CIRC_PORT_PODT | C14: =TRIM(ETLMetadata!$F14) -> PODT_AUS_RTN_DATE_ORIG | D14: =TRIM(ETLMetadata!$H14) -> StringType() | E14: =CONCATENATE($A14,"_",B14) -> CLK_CIRC_PORT_PODT | F14: =IF($C14="Start_Date","STRT_DT", IF($C14="End_Date","END_DT", IF($C14="Record_Deleted_Flag","RCRD_DEL_IND", IF($C14="IsDeleted","RCRD_DEL_IND", $C14 )))) -> PODT_AUS_RTN_DATE_ORIG | G14: VARCHAR | H14: =CONCATENATE($A14,"_",$B14) -> CLK_CIRC_PORT_PODT | I14: =IF($C14="Start_Date","STRT_DT", IF($C14="End_Date","END_DT", IF($C14="Record_Deleted_Flag","RCRD_DEL_IND", IF($C14="IsDeleted","RCRD_DEL_IND", $C14 )))) -> PODT_AUS_RTN_DATE_ORIG | J14: =IF(LEFT(TRIM($K14),7)="VARCHAR","VARCHAR", IF(LEFT(TRIM($K14),4)="CHAR","VARCHAR", IF(TRIM($K14)="TIMESTAMP(6)","TIMESTAMP", IF(TRIM($K14)="DATE","DATE", IF(TRIM($K14)="BYTEINT","SMALLINT", IF(TRIM($K14)="SMALLINT","SMALLINT", IF(TRIM($K14)="INTEGER","INTEGER", IF(TRIM($K14)="BIGINT","INTEGER", IF(LEFT(TRIM($K14),7)="DECIMAL",TRIM($K14), IF(TRIM($K14)="BOOLEAN","BOOLEAN", IF(TRIM($K14)="DOUBLE","DOUBLE", IF(TRIM($K14)="FLOAT","FLOAT", IF(TRIM($K14)="REAL","REAL", IF(LEFT(TRIM($K14),6)="STRUCT","VARIANT", IF(LEFT(TRIM($K14),5)="ARRAY","VARIANT", IF(LEFT(TRIM($K14),3)="MAP","VARIANT", IF(LEFT(TRIM($K14),3)="ROW","VARIANT", "NONE" ))))))))))))))))) -> INTEGER | K14: INTEGER | L14: =TRIM(ETLMetadata!$I14) | M14: =IF(LEFT($K14,7)="VARCHAR","NULLIF(TRIM("&$I14&"),'')", IF(LEFT($K14,4)="CHAR","NULLIF(TRIM("&$I14&"),'')", IF(LEFT($K14,7)="DECIMAL","CAST(NULLIF(TRIM("&$I14&"),'') AS "&$K14&")", IF($K14="TIMESTAMP(6)","TO_TIMESTAMP_NTZ(NULLIF(TRIM("&$I14&"),''),'YYYY-MM-DD HH24:MI:SS.FF6')", IF($K14="DATE","TO_DATE(NULLIF(TRIM("&$I14&"),'') , 'YYYY-MM-DD')", IF($K14="BIGINT","CAST(NULLIF(TRIM("&I14&"),'') AS INTEGER)", IF($K14="BYTEINT","CAST(NULLIF(TRIM("&I14&"),'') AS SMALLINT)", IF($K14="SMALLINT","CAST(NULLIF(TRIM("&I14&"),'') AS SMALLINT)", IF($K14="INTEGER","CAST(NULLIF(TRIM("&I14&"),'') AS INTEGER)", IF($K14="BOOLEAN","CAST(NULLIF(TRIM("&I14&"),'') AS BOOLEAN)", IF($K14="DOUBLE","CAST(NULLIF(TRIM("&I14&"),'') AS DOUBLE)", IF($K14="FLOAT","CAST(NULLIF(TRIM("&I14&"),'') AS FLOAT)", IF($K14="REAL","CAST(NULLIF(TRIM("&I14&"),'') AS REAL)", IF(OR($K14="STRUCT",$K14="ARRAY",$K14="MAP",$K14="ROW"),"CAST(NULLIF(TRIM("&I14&"),'') AS VARIANT)", "NONE" )))))))))))))) -> CAST(NULLIF(TRIM(PODT_AUS_RTN_DATE_ORIG),'') AS INTEGER) | N14: =TRIM(ETLMetadata!$J14) | O14: =IF(TRIM(Classification!$G14)="","NOT CONFIDENTIAL",TRIM(Classification!$G14)) -> NOT CONFIDENTIAL | P14: =IF($C14="Start_Date","N", IF($C14="End_Date","N", IF($C14="Record_Deleted_Flag","N", IF($C14="IsDeleted","N", "Y" )))) -> Y | Q14: sysdate() | R14: 2958465 | S14: migration_pipeline | T14: current_timestamp() | U14: =CONCATENATE(A14,"_",B14,"_V") -> CLK_CIRC_PORT_PODT_V | V14: N
A15: =TRIM(ETLMetadata!$B15) -> CLK | B15: =TRIM(ETLMetadata!$C15) -> CIRC_PORT_PODT | C15: =TRIM(ETLMetadata!$F15) -> PODT_DPRT_CERT_CODE | D15: =TRIM(ETLMetadata!$H15) -> StringType() | E15: =CONCATENATE($A15,"_",B15) -> CLK_CIRC_PORT_PODT | F15: =IF($C15="Start_Date","STRT_DT", IF($C15="End_Date","END_DT", IF($C15="Record_Deleted_Flag","RCRD_DEL_IND", IF($C15="IsDeleted","RCRD_DEL_IND", $C15 )))) -> PODT_DPRT_CERT_CODE | G15: VARCHAR | H15: =CONCATENATE($A15,"_",$B15) -> CLK_CIRC_PORT_PODT | I15: =IF($C15="Start_Date","STRT_DT", IF($C15="End_Date","END_DT", IF($C15="Record_Deleted_Flag","RCRD_DEL_IND", IF($C15="IsDeleted","RCRD_DEL_IND", $C15 )))) -> PODT_DPRT_CERT_CODE | J15: =IF(LEFT(TRIM($K15),7)="VARCHAR","VARCHAR", IF(LEFT(TRIM($K15),4)="CHAR","VARCHAR", IF(TRIM($K15)="TIMESTAMP(6)","TIMESTAMP", IF(TRIM($K15)="DATE","DATE", IF(TRIM($K15)="BYTEINT","SMALLINT", IF(TRIM($K15)="SMALLINT","SMALLINT", IF(TRIM($K15)="INTEGER","INTEGER", IF(TRIM($K15)="BIGINT","INTEGER", IF(LEFT(TRIM($K15),7)="DECIMAL",TRIM($K15), IF(TRIM($K15)="BOOLEAN","BOOLEAN", IF(TRIM($K15)="DOUBLE","DOUBLE", IF(TRIM($K15)="FLOAT","FLOAT", IF(TRIM($K15)="REAL","REAL", IF(LEFT(TRIM($K15),6)="STRUCT","VARIANT", IF(LEFT(TRIM($K15),5)="ARRAY","VARIANT", IF(LEFT(TRIM($K15),3)="MAP","VARIANT", IF(LEFT(TRIM($K15),3)="ROW","VARIANT", "NONE" ))))))))))))))))) -> VARCHAR | K15: =TRIM(ETLMetadata!$G15) -> CHAR(3) | L15: =TRIM(ETLMetadata!$I15) | M15: =IF(LEFT($K15,7)="VARCHAR","NULLIF(TRIM("&$I15&"),'')", IF(LEFT($K15,4)="CHAR","NULLIF(TRIM("&$I15&"),'')", IF(LEFT($K15,7)="DECIMAL","CAST(NULLIF(TRIM("&$I15&"),'') AS "&$K15&")", IF($K15="TIMESTAMP(6)","TO_TIMESTAMP_NTZ(NULLIF(TRIM("&$I15&"),''),'YYYY-MM-DD HH24:MI:SS.FF6')", IF($K15="DATE","TO_DATE(NULLIF(TRIM("&$I15&"),'') , 'YYYY-MM-DD')", IF($K15="BIGINT","CAST(NULLIF(TRIM("&I15&"),'') AS INTEGER)", IF($K15="BYTEINT","CAST(NULLIF(TRIM("&I15&"),'') AS SMALLINT)", IF($K15="SMALLINT","CAST(NULLIF(TRIM("&I15&"),'') AS SMALLINT)", IF($K15="INTEGER","CAST(NULLIF(TRIM("&I15&"),'') AS INTEGER)", IF($K15="BOOLEAN","CAST(NULLIF(TRIM("&I15&"),'') AS BOOLEAN)", IF($K15="DOUBLE","CAST(NULLIF(TRIM("&I15&"),'') AS DOUBLE)", IF($K15="FLOAT","CAST(NULLIF(TRIM("&I15&"),'') AS FLOAT)", IF($K15="REAL","CAST(NULLIF(TRIM("&I15&"),'') AS REAL)", IF(OR($K15="STRUCT",$K15="ARRAY",$K15="MAP",$K15="ROW"),"CAST(NULLIF(TRIM("&I15&"),'') AS VARIANT)", "NONE" )))))))))))))) -> NULLIF(TRIM(PODT_DPRT_CERT_CODE),'') | N15: =TRIM(ETLMetadata!$J15) | O15: =IF(TRIM(Classification!$G15)="","NOT CONFIDENTIAL",TRIM(Classification!$G15)) -> NOT CONFIDENTIAL | P15: =IF($C15="Start_Date","N", IF($C15="End_Date","N", IF($C15="Record_Deleted_Flag","N", IF($C15="IsDeleted","N", "Y" )))) -> Y | Q15: sysdate() | R15: 2958465 | S15: migration_pipeline | T15: current_timestamp() | U15: =CONCATENATE(A15,"_",B15,"_V") -> CLK_CIRC_PORT_PODT_V | V15: N
A16: =TRIM(ETLMetadata!$B16) -> CLK | B16: =TRIM(ETLMetadata!$C16) -> CIRC_PORT_PODT | C16: =TRIM(ETLMetadata!$F16) -> PODT_DOV | D16: =TRIM(ETLMetadata!$H16) -> StringType() | E16: =CONCATENATE($A16,"_",B16) -> CLK_CIRC_PORT_PODT | F16: =IF($C16="Start_Date","STRT_DT", IF($C16="End_Date","END_DT", IF($C16="Record_Deleted_Flag","RCRD_DEL_IND", IF($C16="IsDeleted","RCRD_DEL_IND", $C16 )))) -> PODT_DOV | G16: VARCHAR | H16: =CONCATENATE($A16,"_",$B16) -> CLK_CIRC_PORT_PODT | I16: =IF($C16="Start_Date","STRT_DT", IF($C16="End_Date","END_DT", IF($C16="Record_Deleted_Flag","RCRD_DEL_IND", IF($C16="IsDeleted","RCRD_DEL_IND", $C16 )))) -> PODT_DOV | J16: =IF(LEFT(TRIM($K16),7)="VARCHAR","VARCHAR", IF(LEFT(TRIM($K16),4)="CHAR","VARCHAR", IF(TRIM($K16)="TIMESTAMP(6)","TIMESTAMP", IF(TRIM($K16)="DATE","DATE", IF(TRIM($K16)="BYTEINT","SMALLINT", IF(TRIM($K16)="SMALLINT","SMALLINT", IF(TRIM($K16)="INTEGER","INTEGER", IF(TRIM($K16)="BIGINT","INTEGER", IF(LEFT(TRIM($K16),7)="DECIMAL",TRIM($K16), IF(TRIM($K16)="BOOLEAN","BOOLEAN", IF(TRIM($K16)="DOUBLE","DOUBLE", IF(TRIM($K16)="FLOAT","FLOAT", IF(TRIM($K16)="REAL","REAL", IF(LEFT(TRIM($K16),6)="STRUCT","VARIANT", IF(LEFT(TRIM($K16),5)="ARRAY","VARIANT", IF(LEFT(TRIM($K16),3)="MAP","VARIANT", IF(LEFT(TRIM($K16),3)="ROW","VARIANT", "NONE" ))))))))))))))))) -> DATE | K16: DATE | L16: =TRIM(ETLMetadata!$I16) -> YYYY-MM-DD | M16: =IF(LEFT($K16,7)="VARCHAR","NULLIF(TRIM("&$I16&"),'')", IF(LEFT($K16,4)="CHAR","NULLIF(TRIM("&$I16&"),'')", IF(LEFT($K16,7)="DECIMAL","CAST(NULLIF(TRIM("&$I16&"),'') AS "&$K16&")", IF($K16="TIMESTAMP(6)","TO_TIMESTAMP_NTZ(NULLIF(TRIM("&$I16&"),''),'YYYY-MM-DD HH24:MI:SS.FF6')", IF($K16="DATE","TO_DATE(NULLIF(TRIM("&$I16&"),'') , 'YYYY-MM-DD')", IF($K16="BIGINT","CAST(NULLIF(TRIM("&I16&"),'') AS INTEGER)", IF($K16="BYTEINT","CAST(NULLIF(TRIM("&I16&"),'') AS SMALLINT)", IF($K16="SMALLINT","CAST(NULLIF(TRIM("&I16&"),'') AS SMALLINT)", IF($K16="INTEGER","CAST(NULLIF(TRIM("&I16&"),'') AS INTEGER)", IF($K16="BOOLEAN","CAST(NULLIF(TRIM("&I16&"),'') AS BOOLEAN)", IF($K16="DOUBLE","CAST(NULLIF(TRIM("&I16&"),'') AS DOUBLE)", IF($K16="FLOAT","CAST(NULLIF(TRIM("&I16&"),'') AS FLOAT)", IF($K16="REAL","CAST(NULLIF(TRIM("&I16&"),'') AS REAL)", IF(OR($K16="STRUCT",$K16="ARRAY",$K16="MAP",$K16="ROW"),"CAST(NULLIF(TRIM("&I16&"),'') AS VARIANT)", "NONE" )))))))))))))) -> TO_DATE(NULLIF(TRIM(PODT_DOV),'') , 'YYYY-MM-DD') | N16: =TRIM(ETLMetadata!$J16) | O16: =IF(TRIM(Classification!$G16)="","NOT CONFIDENTIAL",TRIM(Classification!$G16)) -> NOT CONFIDENTIAL | P16: =IF($C16="Start_Date","N", IF($C16="End_Date","N", IF($C16="Record_Deleted_Flag","N", IF($C16="IsDeleted","N", "Y" )))) -> Y | Q16: sysdate() | R16: 2958465 | S16: migration_pipeline | T16: current_timestamp() | U16: =CONCATENATE(A16,"_",B16,"_V") -> CLK_CIRC_PORT_PODT_V | V16: N
A17: =TRIM(ETLMetadata!$B17) -> CLK | B17: =TRIM(ETLMetadata!$C17) -> CIRC_PORT_PODT | C17: =TRIM(ETLMetadata!$F17) -> PODT_DOV_ORIG | D17: =TRIM(ETLMetadata!$H17) -> StringType() | E17: =CONCATENATE($A17,"_",B17) -> CLK_CIRC_PORT_PODT | F17: =IF($C17="Start_Date","STRT_DT", IF($C17="End_Date","END_DT", IF($C17="Record_Deleted_Flag","RCRD_DEL_IND", IF($C17="IsDeleted","RCRD_DEL_IND", $C17 )))) -> PODT_DOV_ORIG | G17: VARCHAR | H17: =CONCATENATE($A17,"_",$B17) -> CLK_CIRC_PORT_PODT | I17: =IF($C17="Start_Date","STRT_DT", IF($C17="End_Date","END_DT", IF($C17="Record_Deleted_Flag","RCRD_DEL_IND", IF($C17="IsDeleted","RCRD_DEL_IND", $C17 )))) -> PODT_DOV_ORIG | J17: =IF(LEFT(TRIM($K17),7)="VARCHAR","VARCHAR", IF(LEFT(TRIM($K17),4)="CHAR","VARCHAR", IF(TRIM($K17)="TIMESTAMP(6)","TIMESTAMP", IF(TRIM($K17)="DATE","DATE", IF(TRIM($K17)="BYTEINT","SMALLINT", IF(TRIM($K17)="SMALLINT","SMALLINT", IF(TRIM($K17)="INTEGER","INTEGER", IF(TRIM($K17)="BIGINT","INTEGER", IF(LEFT(TRIM($K17),7)="DECIMAL",TRIM($K17), IF(TRIM($K17)="BOOLEAN","BOOLEAN", IF(TRIM($K17)="DOUBLE","DOUBLE", IF(TRIM($K17)="FLOAT","FLOAT", IF(TRIM($K17)="REAL","REAL", IF(LEFT(TRIM($K17),6)="STRUCT","VARIANT", IF(LEFT(TRIM($K17),5)="ARRAY","VARIANT", IF(LEFT(TRIM($K17),3)="MAP","VARIANT", IF(LEFT(TRIM($K17),3)="ROW","VARIANT", "NONE" ))))))))))))))))) -> INTEGER | K17: INTEGER | L17: =TRIM(ETLMetadata!$I17) | M17: =IF(LEFT($K17,7)="VARCHAR","NULLIF(TRIM("&$I17&"),'')", IF(LEFT($K17,4)="CHAR","NULLIF(TRIM("&$I17&"),'')", IF(LEFT($K17,7)="DECIMAL","CAST(NULLIF(TRIM("&$I17&"),'') AS "&$K17&")", IF($K17="TIMESTAMP(6)","TO_TIMESTAMP_NTZ(NULLIF(TRIM("&$I17&"),''),'YYYY-MM-DD HH24:MI:SS.FF6')", IF($K17="DATE","TO_DATE(NULLIF(TRIM("&$I17&"),'') , 'YYYY-MM-DD')", IF($K17="BIGINT","CAST(NULLIF(TRIM("&I17&"),'') AS INTEGER)", IF($K17="BYTEINT","CAST(NULLIF(TRIM("&I17&"),'') AS SMALLINT)", IF($K17="SMALLINT","CAST(NULLIF(TRIM("&I17&"),'') AS SMALLINT)", IF($K17="INTEGER","CAST(NULLIF(TRIM("&I17&"),'') AS INTEGER)", IF($K17="BOOLEAN","CAST(NULLIF(TRIM("&I17&"),'') AS BOOLEAN)", IF($K17="DOUBLE","CAST(NULLIF(TRIM("&I17&"),'') AS DOUBLE)", IF($K17="FLOAT","CAST(NULLIF(TRIM("&I17&"),'') AS FLOAT)", IF($K17="REAL","CAST(NULLIF(TRIM("&I17&"),'') AS REAL)", IF(OR($K17="STRUCT",$K17="ARRAY",$K17="MAP",$K17="ROW"),"CAST(NULLIF(TRIM("&I17&"),'') AS VARIANT)", "NONE" )))))))))))))) -> CAST(NULLIF(TRIM(PODT_DOV_ORIG),'') AS INTEGER) | N17: =TRIM(ETLMetadata!$J17) | O17: =IF(TRIM(Classification!$G17)="","NOT CONFIDENTIAL",TRIM(Classification!$G17)) -> NOT CONFIDENTIAL | P17: =IF($C17="Start_Date","N", IF($C17="End_Date","N", IF($C17="Record_Deleted_Flag","N", IF($C17="IsDeleted","N", "Y" )))) -> Y | Q17: sysdate() | R17: 2958465 | S17: migration_pipeline | T17: current_timestamp() | U17: =CONCATENATE(A17,"_",B17,"_V") -> CLK_CIRC_PORT_PODT_V | V17: N
A18: =TRIM(ETLMetadata!$B18) -> CLK | B18: =TRIM(ETLMetadata!$C18) -> CIRC_PORT_PODT | C18: =TRIM(ETLMetadata!$F18) -> PODT_LOCN_CTRY_CODE | D18: =TRIM(ETLMetadata!$H18) -> StringType() | E18: =CONCATENATE($A18,"_",B18) -> CLK_CIRC_PORT_PODT | F18: =IF($C18="Start_Date","STRT_DT", IF($C18="End_Date","END_DT", IF($C18="Record_Deleted_Flag","RCRD_DEL_IND", IF($C18="IsDeleted","RCRD_DEL_IND", $C18 )))) -> PODT_LOCN_CTRY_CODE | G18: VARCHAR | H18: =CONCATENATE($A18,"_",$B18) -> CLK_CIRC_PORT_PODT | I18: =IF($C18="Start_Date","STRT_DT", IF($C18="End_Date","END_DT", IF($C18="Record_Deleted_Flag","RCRD_DEL_IND", IF($C18="IsDeleted","RCRD_DEL_IND", $C18 )))) -> PODT_LOCN_CTRY_CODE | J18: =IF(LEFT(TRIM($K18),7)="VARCHAR","VARCHAR", IF(LEFT(TRIM($K18),4)="CHAR","VARCHAR", IF(TRIM($K18)="TIMESTAMP(6)","TIMESTAMP", IF(TRIM($K18)="DATE","DATE", IF(TRIM($K18)="BYTEINT","SMALLINT", IF(TRIM($K18)="SMALLINT","SMALLINT", IF(TRIM($K18)="INTEGER","INTEGER", IF(TRIM($K18)="BIGINT","INTEGER", IF(LEFT(TRIM($K18),7)="DECIMAL",TRIM($K18), IF(TRIM($K18)="BOOLEAN","BOOLEAN", IF(TRIM($K18)="DOUBLE","DOUBLE", IF(TRIM($K18)="FLOAT","FLOAT", IF(TRIM($K18)="REAL","REAL", IF(LEFT(TRIM($K18),6)="STRUCT","VARIANT", IF(LEFT(TRIM($K18),5)="ARRAY","VARIANT", IF(LEFT(TRIM($K18),3)="MAP","VARIANT", IF(LEFT(TRIM($K18),3)="ROW","VARIANT", "NONE" ))))))))))))))))) -> VARCHAR | K18: =TRIM(ETLMetadata!$G18) -> CHAR(3) | L18: =TRIM(ETLMetadata!$I18) | M18: =IF(LEFT($K18,7)="VARCHAR","NULLIF(TRIM("&$I18&"),'')", IF(LEFT($K18,4)="CHAR","NULLIF(TRIM("&$I18&"),'')", IF(LEFT($K18,7)="DECIMAL","CAST(NULLIF(TRIM("&$I18&"),'') AS "&$K18&")", IF($K18="TIMESTAMP(6)","TO_TIMESTAMP_NTZ(NULLIF(TRIM("&$I18&"),''),'YYYY-MM-DD HH24:MI:SS.FF6')", IF($K18="DATE","TO_DATE(NULLIF(TRIM("&$I18&"),'') , 'YYYY-MM-DD')", IF($K18="BIGINT","CAST(NULLIF(TRIM("&I18&"),'') AS INTEGER)", IF($K18="BYTEINT","CAST(NULLIF(TRIM("&I18&"),'') AS SMALLINT)", IF($K18="SMALLINT","CAST(NULLIF(TRIM("&I18&"),'') AS SMALLINT)", IF($K18="INTEGER","CAST(NULLIF(TRIM("&I18&"),'') AS INTEGER)", IF($K18="BOOLEAN","CAST(NULLIF(TRIM("&I18&"),'') AS BOOLEAN)", IF($K18="DOUBLE","CAST(NULLIF(TRIM("&I18&"),'') AS DOUBLE)", IF($K18="FLOAT","CAST(NULLIF(TRIM("&I18&"),'') AS FLOAT)", IF($K18="REAL","CAST(NULLIF(TRIM("&I18&"),'') AS REAL)", IF(OR($K18="STRUCT",$K18="ARRAY",$K18="MAP",$K18="ROW"),"CAST(NULLIF(TRIM("&I18&"),'') AS VARIANT)", "NONE" )))))))))))))) -> NULLIF(TRIM(PODT_LOCN_CTRY_CODE),'') | N18: =TRIM(ETLMetadata!$J18) | O18: =IF(TRIM(Classification!$G18)="","NOT CONFIDENTIAL",TRIM(Classification!$G18)) -> NOT CONFIDENTIAL | P18: =IF($C18="Start_Date","N", IF($C18="End_Date","N", IF($C18="Record_Deleted_Flag","N", IF($C18="IsDeleted","N", "Y" )))) -> Y | Q18: sysdate() | R18: 2958465 | S18: migration_pipeline | T18: current_timestamp() | U18: =CONCATENATE(A18,"_",B18,"_V") -> CLK_CIRC_PORT_PODT_V | V18: N
A19: =TRIM(ETLMetadata!$B19) -> CLK | B19: =TRIM(ETLMetadata!$C19) -> CIRC_PORT_PODT | C19: =TRIM(ETLMetadata!$F19) -> PODT_NZ_CLM_REJ_IND | D19: =TRIM(ETLMetadata!$H19) -> StringType() | E19: =CONCATENATE($A19,"_",B19) -> CLK_CIRC_PORT_PODT | F19: =IF($C19="Start_Date","STRT_DT", IF($C19="End_Date","END_DT", IF($C19="Record_Deleted_Flag","RCRD_DEL_IND", IF($C19="IsDeleted","RCRD_DEL_IND", $C19 )))) -> PODT_NZ_CLM_REJ_IND | G19: VARCHAR | H19: =CONCATENATE($A19,"_",$B19) -> CLK_CIRC_PORT_PODT | I19: =IF($C19="Start_Date","STRT_DT", IF($C19="End_Date","END_DT", IF($C19="Record_Deleted_Flag","RCRD_DEL_IND", IF($C19="IsDeleted","RCRD_DEL_IND", $C19 )))) -> PODT_NZ_CLM_REJ_IND | J19: =IF(LEFT(TRIM($K19),7)="VARCHAR","VARCHAR", IF(LEFT(TRIM($K19),4)="CHAR","VARCHAR", IF(TRIM($K19)="TIMESTAMP(6)","TIMESTAMP", IF(TRIM($K19)="DATE","DATE", IF(TRIM($K19)="BYTEINT","SMALLINT", IF(TRIM($K19)="SMALLINT","SMALLINT", IF(TRIM($K19)="INTEGER","INTEGER", IF(TRIM($K19)="BIGINT","INTEGER", IF(LEFT(TRIM($K19),7)="DECIMAL",TRIM($K19), IF(TRIM($K19)="BOOLEAN","BOOLEAN", IF(TRIM($K19)="DOUBLE","DOUBLE", IF(TRIM($K19)="FLOAT","FLOAT", IF(TRIM($K19)="REAL","REAL", IF(LEFT(TRIM($K19),6)="STRUCT","VARIANT", IF(LEFT(TRIM($K19),5)="ARRAY","VARIANT", IF(LEFT(TRIM($K19),3)="MAP","VARIANT", IF(LEFT(TRIM($K19),3)="ROW","VARIANT", "NONE" ))))))))))))))))) -> VARCHAR | K19: =TRIM(ETLMetadata!$G19) -> CHAR(1) | L19: =TRIM(ETLMetadata!$I19) | M19: =IF(LEFT($K19,7)="VARCHAR","NULLIF(TRIM("&$I19&"),'')", IF(LEFT($K19,4)="CHAR","NULLIF(TRIM("&$I19&"),'')", IF(LEFT($K19,7)="DECIMAL","CAST(NULLIF(TRIM("&$I19&"),'') AS "&$K19&")", IF($K19="TIMESTAMP(6)","TO_TIMESTAMP_NTZ(NULLIF(TRIM("&$I19&"),''),'YYYY-MM-DD HH24:MI:SS.FF6')", IF($K19="DATE","TO_DATE(NULLIF(TRIM("&$I19&"),'') , 'YYYY-MM-DD')", IF($K19="BIGINT","CAST(NULLIF(TRIM("&I19&"),'') AS INTEGER)", IF($K19="BYTEINT","CAST(NULLIF(TRIM("&I19&"),'') AS SMALLINT)", IF($K19="SMALLINT","CAST(NULLIF(TRIM("&I19&"),'') AS SMALLINT)", IF($K19="INTEGER","CAST(NULLIF(TRIM("&I19&"),'') AS INTEGER)", IF($K19="BOOLEAN","CAST(NULLIF(TRIM("&I19&"),'') AS BOOLEAN)", IF($K19="DOUBLE","CAST(NULLIF(TRIM("&I19&"),'') AS DOUBLE)", IF($K19="FLOAT","CAST(NULLIF(TRIM("&I19&"),'') AS FLOAT)", IF($K19="REAL","CAST(NULLIF(TRIM("&I19&"),'') AS REAL)", IF(OR($K19="STRUCT",$K19="ARRAY",$K19="MAP",$K19="ROW"),"CAST(NULLIF(TRIM("&I19&"),'') AS VARIANT)", "NONE" )))))))))))))) -> NULLIF(TRIM(PODT_NZ_CLM_REJ_IND),'') | N19: =TRIM(ETLMetadata!$J19) | O19: =IF(TRIM(Classification!$G19)="","NOT CONFIDENTIAL",TRIM(Classification!$G19)) -> NOT CONFIDENTIAL | P19: =IF($C19="Start_Date","N", IF($C19="End_Date","N", IF($C19="Record_Deleted_Flag","N", IF($C19="IsDeleted","N", "Y" )))) -> Y | Q19: sysdate() | R19: 2958465 | S19: migration_pipeline | T19: current_timestamp() | U19: =CONCATENATE(A19,"_",B19,"_V") -> CLK_CIRC_PORT_PODT_V | V19: N
A20: =TRIM(ETLMetadata!$B20) -> CLK | B20: =TRIM(ETLMetadata!$C20) -> CIRC_PORT_PODT | C20: =TRIM(ETLMetadata!$F20) -> PODT_OSEAS_CAN_EXEMPT_CODE | D20: =TRIM(ETLMetadata!$H20) -> StringType() | E20: =CONCATENATE($A20,"_",B20) -> CLK_CIRC_PORT_PODT | F20: =IF($C20="Start_Date","STRT_DT", IF($C20="End_Date","END_DT", IF($C20="Record_Deleted_Flag","RCRD_DEL_IND", IF($C20="IsDeleted","RCRD_DEL_IND", $C20 )))) -> PODT_OSEAS_CAN_EXEMPT_CODE | G20: VARCHAR | H20: =CONCATENATE($A20,"_",$B20) -> CLK_CIRC_PORT_PODT | I20: =IF($C20="Start_Date","STRT_DT", IF($C20="End_Date","END_DT", IF($C20="Record_Deleted_Flag","RCRD_DEL_IND", IF($C20="IsDeleted","RCRD_DEL_IND", $C20 )))) -> PODT_OSEAS_CAN_EXEMPT_CODE | J20: =IF(LEFT(TRIM($K20),7)="VARCHAR","VARCHAR", IF(LEFT(TRIM($K20),4)="CHAR","VARCHAR", IF(TRIM($K20)="TIMESTAMP(6)","TIMESTAMP", IF(TRIM($K20)="DATE","DATE", IF(TRIM($K20)="BYTEINT","SMALLINT", IF(TRIM($K20)="SMALLINT","SMALLINT", IF(TRIM($K20)="INTEGER","INTEGER", IF(TRIM($K20)="BIGINT","INTEGER", IF(LEFT(TRIM($K20),7)="DECIMAL",TRIM($K20), IF(TRIM($K20)="BOOLEAN","BOOLEAN", IF(TRIM($K20)="DOUBLE","DOUBLE", IF(TRIM($K20)="FLOAT","FLOAT", IF(TRIM($K20)="REAL","REAL", IF(LEFT(TRIM($K20),6)="STRUCT","VARIANT", IF(LEFT(TRIM($K20),5)="ARRAY","VARIANT", IF(LEFT(TRIM($K20),3)="MAP","VARIANT", IF(LEFT(TRIM($K20),3)="ROW","VARIANT", "NONE" ))))))))))))))))) -> VARCHAR | K20: =TRIM(ETLMetadata!$G20) -> CHAR(3) | L20: =TRIM(ETLMetadata!$I20) | M20: =IF(LEFT($K20,7)="VARCHAR","NULLIF(TRIM("&$I20&"),'')", IF(LEFT($K20,4)="CHAR","NULLIF(TRIM("&$I20&"),'')", IF(LEFT($K20,7)="DECIMAL","CAST(NULLIF(TRIM("&$I20&"),'') AS "&$K20&")", IF($K20="TIMESTAMP(6)","TO_TIMESTAMP_NTZ(NULLIF(TRIM("&$I20&"),''),'YYYY-MM-DD HH24:MI:SS.FF6')", IF($K20="DATE","TO_DATE(NULLIF(TRIM("&$I20&"),'') , 'YYYY-MM-DD')", IF($K20="BIGINT","CAST(NULLIF(TRIM("&I20&"),'') AS INTEGER)", IF($K20="BYTEINT","CAST(NULLIF(TRIM("&I20&"),'') AS SMALLINT)", IF($K20="SMALLINT","CAST(NULLIF(TRIM("&I20&"),'') AS SMALLINT)", IF($K20="INTEGER","CAST(NULLIF(TRIM("&I20&"),'') AS INTEGER)", IF($K20="BOOLEAN","CAST(NULLIF(TRIM("&I20&"),'') AS BOOLEAN)", IF($K20="DOUBLE","CAST(NULLIF(TRIM("&I20&"),'') AS DOUBLE)", IF($K20="FLOAT","CAST(NULLIF(TRIM("&I20&"),'') AS FLOAT)", IF($K20="REAL","CAST(NULLIF(TRIM("&I20&"),'') AS REAL)", IF(OR($K20="STRUCT",$K20="ARRAY",$K20="MAP",$K20="ROW"),"CAST(NULLIF(TRIM("&I20&"),'') AS VARIANT)", "NONE" )))))))))))))) -> NULLIF(TRIM(PODT_OSEAS_CAN_EXEMPT_CODE),'') | N20: =TRIM(ETLMetadata!$J20) | O20: =IF(TRIM(Classification!$G20)="","NOT CONFIDENTIAL",TRIM(Classification!$G20)) -> NOT CONFIDENTIAL | P20: =IF($C20="Start_Date","N", IF($C20="End_Date","N", IF($C20="Record_Deleted_Flag","N", IF($C20="IsDeleted","N", "Y" )))) -> Y | Q20: sysdate() | R20: 2958465 | S20: migration_pipeline | T20: current_timestamp() | U20: =CONCATENATE(A20,"_",B20,"_V") -> CLK_CIRC_PORT_PODT_V | V20: N
A21: =TRIM(ETLMetadata!$B21) -> CLK | B21: =TRIM(ETLMetadata!$C21) -> CIRC_PORT_PODT | C21: =TRIM(ETLMetadata!$F21) -> PODT_PRE_PP_SAVE_IND | D21: =TRIM(ETLMetadata!$H21) -> StringType() | E21: =CONCATENATE($A21,"_",B21) -> CLK_CIRC_PORT_PODT | F21: =IF($C21="Start_Date","STRT_DT", IF($C21="End_Date","END_DT", IF($C21="Record_Deleted_Flag","RCRD_DEL_IND", IF($C21="IsDeleted","RCRD_DEL_IND", $C21 )))) -> PODT_PRE_PP_SAVE_IND | G21: VARCHAR | H21: =CONCATENATE($A21,"_",$B21) -> CLK_CIRC_PORT_PODT | I21: =IF($C21="Start_Date","STRT_DT", IF($C21="End_Date","END_DT", IF($C21="Record_Deleted_Flag","RCRD_DEL_IND", IF($C21="IsDeleted","RCRD_DEL_IND", $C21 )))) -> PODT_PRE_PP_SAVE_IND | J21: =IF(LEFT(TRIM($K21),7)="VARCHAR","VARCHAR", IF(LEFT(TRIM($K21),4)="CHAR","VARCHAR", IF(TRIM($K21)="TIMESTAMP(6)","TIMESTAMP", IF(TRIM($K21)="DATE","DATE", IF(TRIM($K21)="BYTEINT","SMALLINT", IF(TRIM($K21)="SMALLINT","SMALLINT", IF(TRIM($K21)="INTEGER","INTEGER", IF(TRIM($K21)="BIGINT","INTEGER", IF(LEFT(TRIM($K21),7)="DECIMAL",TRIM($K21), IF(TRIM($K21)="BOOLEAN","BOOLEAN", IF(TRIM($K21)="DOUBLE","DOUBLE", IF(TRIM($K21)="FLOAT","FLOAT", IF(TRIM($K21)="REAL","REAL", IF(LEFT(TRIM($K21),6)="STRUCT","VARIANT", IF(LEFT(TRIM($K21),5)="ARRAY","VARIANT", IF(LEFT(TRIM($K21),3)="MAP","VARIANT", IF(LEFT(TRIM($K21),3)="ROW","VARIANT", "NONE" ))))))))))))))))) -> VARCHAR | K21: =TRIM(ETLMetadata!$G21) -> CHAR(1) | L21: =TRIM(ETLMetadata!$I21) | M21: =IF(LEFT($K21,7)="VARCHAR","NULLIF(TRIM("&$I21&"),'')", IF(LEFT($K21,4)="CHAR","NULLIF(TRIM("&$I21&"),'')", IF(LEFT($K21,7)="DECIMAL","CAST(NULLIF(TRIM("&$I21&"),'') AS "&$K21&")", IF($K21="TIMESTAMP(6)","TO_TIMESTAMP_NTZ(NULLIF(TRIM("&$I21&"),''),'YYYY-MM-DD HH24:MI:SS.FF6')", IF($K21="DATE","TO_DATE(NULLIF(TRIM("&$I21&"),'') , 'YYYY-MM-DD')", IF($K21="BIGINT","CAST(NULLIF(TRIM("&I21&"),'') AS INTEGER)", IF($K21="BYTEINT","CAST(NULLIF(TRIM("&I21&"),'') AS SMALLINT)", IF($K21="SMALLINT","CAST(NULLIF(TRIM("&I21&"),'') AS SMALLINT)", IF($K21="INTEGER","CAST(NULLIF(TRIM("&I21&"),'') AS INTEGER)", IF($K21="BOOLEAN","CAST(NULLIF(TRIM("&I21&"),'') AS BOOLEAN)", IF($K21="DOUBLE","CAST(NULLIF(TRIM("&I21&"),'') AS DOUBLE)", IF($K21="FLOAT","CAST(NULLIF(TRIM("&I21&"),'') AS FLOAT)", IF($K21="REAL","CAST(NULLIF(TRIM("&I21&"),'') AS REAL)", IF(OR($K21="STRUCT",$K21="ARRAY",$K21="MAP",$K21="ROW"),"CAST(NULLIF(TRIM("&I21&"),'') AS VARIANT)", "NONE" )))))))))))))) -> NULLIF(TRIM(PODT_PRE_PP_SAVE_IND),'') | N21: =TRIM(ETLMetadata!$J21) | O21: =IF(TRIM(Classification!$G21)="","NOT CONFIDENTIAL",TRIM(Classification!$G21)) -> NOT CONFIDENTIAL | P21: =IF($C21="Start_Date","N", IF($C21="End_Date","N", IF($C21="Record_Deleted_Flag","N", IF($C21="IsDeleted","N", "Y" )))) -> Y | Q21: sysdate() | R21: 2958465 | S21: migration_pipeline | T21: current_timestamp() | U21: =CONCATENATE(A21,"_",B21,"_V") -> CLK_CIRC_PORT_PODT_V | V21: N
A22: =TRIM(ETLMetadata!$B22) -> CLK | B22: =TRIM(ETLMetadata!$C22) -> CIRC_PORT_PODT | C22: =TRIM(ETLMetadata!$F22) -> PODT_SPCL_ACT_OF_GRACE_CODE | D22: =TRIM(ETLMetadata!$H22) -> StringType() | E22: =CONCATENATE($A22,"_",B22) -> CLK_CIRC_PORT_PODT | F22: =IF($C22="Start_Date","STRT_DT", IF($C22="End_Date","END_DT", IF($C22="Record_Deleted_Flag","RCRD_DEL_IND", IF($C22="IsDeleted","RCRD_DEL_IND", $C22 )))) -> PODT_SPCL_ACT_OF_GRACE_CODE | G22: VARCHAR | H22: =CONCATENATE($A22,"_",$B22) -> CLK_CIRC_PORT_PODT | I22: =IF($C22="Start_Date","STRT_DT", IF($C22="End_Date","END_DT", IF($C22="Record_Deleted_Flag","RCRD_DEL_IND", IF($C22="IsDeleted","RCRD_DEL_IND", $C22 )))) -> PODT_SPCL_ACT_OF_GRACE_CODE | J22: =IF(LEFT(TRIM($K22),7)="VARCHAR","VARCHAR", IF(LEFT(TRIM($K22),4)="CHAR","VARCHAR", IF(TRIM($K22)="TIMESTAMP(6)","TIMESTAMP", IF(TRIM($K22)="DATE","DATE", IF(TRIM($K22)="BYTEINT","SMALLINT", IF(TRIM($K22)="SMALLINT","SMALLINT", IF(TRIM($K22)="INTEGER","INTEGER", IF(TRIM($K22)="BIGINT","INTEGER", IF(LEFT(TRIM($K22),7)="DECIMAL",TRIM($K22), IF(TRIM($K22)="BOOLEAN","BOOLEAN", IF(TRIM($K22)="DOUBLE","DOUBLE", IF(TRIM($K22)="FLOAT","FLOAT", IF(TRIM($K22)="REAL","REAL", IF(LEFT(TRIM($K22),6)="STRUCT","VARIANT", IF(LEFT(TRIM($K22),5)="ARRAY","VARIANT", IF(LEFT(TRIM($K22),3)="MAP","VARIANT", IF(LEFT(TRIM($K22),3)="ROW","VARIANT", "NONE" ))))))))))))))))) -> VARCHAR | K22: =TRIM(ETLMetadata!$G22) -> CHAR(3) | L22: =TRIM(ETLMetadata!$I22) | M22: =IF(LEFT($K22,7)="VARCHAR","NULLIF(TRIM("&$I22&"),'')", IF(LEFT($K22,4)="CHAR","NULLIF(TRIM("&$I22&"),'')", IF(LEFT($K22,7)="DECIMAL","CAST(NULLIF(TRIM("&$I22&"),'') AS "&$K22&")", IF($K22="TIMESTAMP(6)","TO_TIMESTAMP_NTZ(NULLIF(TRIM("&$I22&"),''),'YYYY-MM-DD HH24:MI:SS.FF6')", IF($K22="DATE","TO_DATE(NULLIF(TRIM("&$I22&"),'') , 'YYYY-MM-DD')", IF($K22="BIGINT","CAST(NULLIF(TRIM("&I22&"),'') AS INTEGER)", IF($K22="BYTEINT","CAST(NULLIF(TRIM("&I22&"),'') AS SMALLINT)", IF($K22="SMALLINT","CAST(NULLIF(TRIM("&I22&"),'') AS SMALLINT)", IF($K22="INTEGER","CAST(NULLIF(TRIM("&I22&"),'') AS INTEGER)", IF($K22="BOOLEAN","CAST(NULLIF(TRIM("&I22&"),'') AS BOOLEAN)", IF($K22="DOUBLE","CAST(NULLIF(TRIM("&I22&"),'') AS DOUBLE)", IF($K22="FLOAT","CAST(NULLIF(TRIM("&I22&"),'') AS FLOAT)", IF($K22="REAL","CAST(NULLIF(TRIM("&I22&"),'') AS REAL)", IF(OR($K22="STRUCT",$K22="ARRAY",$K22="MAP",$K22="ROW"),"CAST(NULLIF(TRIM("&I22&"),'') AS VARIANT)", "NONE" )))))))))))))) -> NULLIF(TRIM(PODT_SPCL_ACT_OF_GRACE_CODE),'') | N22: =TRIM(ETLMetadata!$J22) | O22: =IF(TRIM(Classification!$G22)="","NOT CONFIDENTIAL",TRIM(Classification!$G22)) -> NOT CONFIDENTIAL | P22: =IF($C22="Start_Date","N", IF($C22="End_Date","N", IF($C22="Record_Deleted_Flag","N", IF($C22="IsDeleted","N", "Y" )))) -> Y | Q22: sysdate() | R22: 2958465 | S22: migration_pipeline | T22: current_timestamp() | U22: =CONCATENATE(A22,"_",B22,"_V") -> CLK_CIRC_PORT_PODT_V | V22: N
